series,year,month,count,rate,date
Government,2000,1,430,2.1,2000-01-01 08:00:00+00:00
Government,2000,2,409,2.0,2000-02-01 08:00:00+00:00
Government,2000,3,311,1.5,2000-03-01 08:00:00+00:00
Government,2000,4,269,1.3,2000-04-01 08:00:00+00:00
Government,2000,5,370,1.9,2000-05-01 07:00:00+00:00
Government,2000,6,603,3.1,2000-06-01 07:00:00+00:00
Government,2000,7,545,2.9,2000-07-01 07:00:00+00:00
Government,2000,8,583,3.1,2000-08-01 07:00:00+00:00
Government,2000,9,408,2.1,2000-09-01 07:00:00+00:00
Government,2000,10,391,2.0,2000-10-01 07:00:00+00:00
Government,2000,11,384,1.9,2000-11-01 08:00:00+00:00
Government,2000,12,365,1.8,2000-12-01 08:00:00+00:00
Government,2001,1,463,2.3,2001-01-01 08:00:00+00:00
Government,2001,2,298,1.5,2001-02-01 08:00:00+00:00
Government,2001,3,355,1.8,2001-03-01 08:00:00+00:00
Government,2001,4,369,1.9,2001-04-01 08:00:00+00:00
Government,2001,5,361,1.8,2001-05-01 07:00:00+00:00
Government,2001,6,525,2.7,2001-06-01 07:00:00+00:00
Government,2001,7,548,2.8,2001-07-01 07:00:00+00:00
Government,2001,8,540,2.8,2001-08-01 07:00:00+00:00
Government,2001,9,438,2.2,2001-09-01 07:00:00+00:00
Government,2001,10,429,2.2,2001-10-01 07:00:00+00:00
Government,2001,11,420,2.1,2001-11-01 08:00:00+00:00
Government,2001,12,419,2.1,2001-12-01 08:00:00+00:00
Government,2002,1,486,2.4,2002-01-01 08:00:00+00:00
Government,2002,2,508,2.5,2002-02-01 08:00:00+00:00
Government,2002,3,477,2.4,2002-03-01 08:00:00+00:00
Government,2002,4,447,2.2,2002-04-01 08:00:00+00:00
Government,2002,5,484,2.3,2002-05-01 07:00:00+00:00
Government,2002,6,561,2.8,2002-06-01 07:00:00+00:00
Government,2002,7,645,3.2,2002-07-01 07:00:00+00:00
Government,2002,8,596,3.0,2002-08-01 07:00:00+00:00
Government,2002,9,530,2.6,2002-09-01 07:00:00+00:00
Government,2002,10,499,2.5,2002-10-01 07:00:00+00:00
Government,2002,11,468,2.3,2002-11-01 08:00:00+00:00
Government,2002,12,446,2.2,2002-12-01 08:00:00+00:00
Government,2003,1,571,2.8,2003-01-01 08:00:00+00:00
Government,2003,2,483,2.4,2003-02-01 08:00:00+00:00
Government,2003,3,526,2.6,2003-03-01 08:00:00+00:00
Government,2003,4,440,2.2,2003-04-01 08:00:00+00:00
Government,2003,5,478,2.4,2003-05-01 07:00:00+00:00
Government,2003,6,704,3.5,2003-06-01 07:00:00+00:00
Government,2003,7,749,3.8,2003-07-01 07:00:00+00:00
Government,2003,8,745,3.7,2003-08-01 07:00:00+00:00
Government,2003,9,556,2.7,2003-09-01 07:00:00+00:00
Government,2003,10,500,2.4,2003-10-01 07:00:00+00:00
Government,2003,11,542,2.7,2003-11-01 08:00:00+00:00
Government,2003,12,516,2.5,2003-12-01 08:00:00+00:00
Government,2004,1,511,2.5,2004-01-01 08:00:00+00:00
Government,2004,2,490,2.4,2004-02-01 08:00:00+00:00
Government,2004,3,530,2.6,2004-03-01 08:00:00+00:00
Government,2004,4,433,2.1,2004-04-01 08:00:00+00:00
Government,2004,5,468,2.3,2004-05-01 07:00:00+00:00
Government,2004,6,580,2.8,2004-06-01 07:00:00+00:00
Government,2004,7,741,3.7,2004-07-01 07:00:00+00:00
Government,2004,8,676,3.3,2004-08-01 07:00:00+00:00
Government,2004,9,568,2.7,2004-09-01 07:00:00+00:00
Government,2004,10,561,2.7,2004-10-01 07:00:00+00:00
Government,2004,11,514,2.4,2004-11-01 08:00:00+00:00
Government,2004,12,499,2.4,2004-12-01 08:00:00+00:00
Government,2005,1,555,2.6,2005-01-01 08:00:00+00:00
Government,2005,2,472,2.3,2005-02-01 08:00:00+00:00
Government,2005,3,468,2.2,2005-03-01 08:00:00+00:00
Government,2005,4,478,2.3,2005-04-01 08:00:00+00:00
Government,2005,5,453,2.1,2005-05-01 07:00:00+00:00
Government,2005,6,681,3.2,2005-06-01 07:00:00+00:00
Government,2005,7,683,3.3,2005-07-01 07:00:00+00:00
Government,2005,8,664,3.2,2005-08-01 07:00:00+00:00
Government,2005,9,568,2.7,2005-09-01 07:00:00+00:00
Government,2005,10,502,2.4,2005-10-01 07:00:00+00:00
Government,2005,11,494,2.4,2005-11-01 08:00:00+00:00
Government,2005,12,393,1.9,2005-12-01 08:00:00+00:00
Government,2006,1,457,2.2,2006-01-01 08:00:00+00:00
Government,2006,2,472,2.3,2006-02-01 08:00:00+00:00
Government,2006,3,461,2.2,2006-03-01 08:00:00+00:00
Government,2006,4,414,2.0,2006-04-01 08:00:00+00:00
Government,2006,5,429,2.1,2006-05-01 07:00:00+00:00
Government,2006,6,578,2.8,2006-06-01 07:00:00+00:00
Government,2006,7,659,3.2,2006-07-01 07:00:00+00:00
Government,2006,8,595,2.9,2006-08-01 07:00:00+00:00
Government,2006,9,396,1.9,2006-09-01 07:00:00+00:00
Government,2006,10,424,2.0,2006-10-01 07:00:00+00:00
Government,2006,11,400,1.9,2006-11-01 08:00:00+00:00
Government,2006,12,395,1.9,2006-12-01 08:00:00+00:00
Government,2007,1,476,2.2,2007-01-01 08:00:00+00:00
Government,2007,2,405,1.9,2007-02-01 08:00:00+00:00
Government,2007,3,419,1.9,2007-03-01 08:00:00+00:00
Government,2007,4,408,1.9,2007-04-01 07:00:00+00:00
Government,2007,5,428,1.9,2007-05-01 07:00:00+00:00
Government,2007,6,572,2.7,2007-06-01 07:00:00+00:00
Government,2007,7,704,3.3,2007-07-01 07:00:00+00:00
Government,2007,8,695,3.2,2007-08-01 07:00:00+00:00
Government,2007,9,525,2.4,2007-09-01 07:00:00+00:00
Government,2007,10,492,2.3,2007-10-01 07:00:00+00:00
Government,2007,11,482,2.2,2007-11-01 07:00:00+00:00
Government,2007,12,451,2.1,2007-12-01 08:00:00+00:00
Government,2008,1,471,2.2,2008-01-01 08:00:00+00:00
Government,2008,2,372,1.7000000000000002,2008-02-01 08:00:00+00:00
Government,2008,3,425,1.9,2008-03-01 08:00:00+00:00
Government,2008,4,373,1.7000000000000002,2008-04-01 07:00:00+00:00
Government,2008,5,461,2.1,2008-05-01 07:00:00+00:00
Government,2008,6,654,3.0,2008-06-01 07:00:00+00:00
Government,2008,7,770,3.6,2008-07-01 07:00:00+00:00
Government,2008,8,721,3.3,2008-08-01 07:00:00+00:00
Government,2008,9,573,2.6,2008-09-01 07:00:00+00:00
Government,2008,10,552,2.5,2008-10-01 07:00:00+00:00
Government,2008,11,527,2.4,2008-11-01 07:00:00+00:00
Government,2008,12,511,2.3,2008-12-01 08:00:00+00:00
Government,2009,1,652,3.0,2009-01-01 08:00:00+00:00
Government,2009,2,563,2.6,2009-02-01 08:00:00+00:00
Government,2009,3,598,2.8,2009-03-01 08:00:00+00:00
Government,2009,4,575,2.6,2009-04-01 07:00:00+00:00
Government,2009,5,702,3.1,2009-05-01 07:00:00+00:00
Government,2009,6,991,4.4,2009-06-01 07:00:00+00:00
Government,2009,7,1129,5.1,2009-07-01 07:00:00+00:00
Government,2009,8,1118,5.1,2009-08-01 07:00:00+00:00
Government,2009,9,928,4.2,2009-09-01 07:00:00+00:00
Government,2009,10,785,3.5,2009-10-01 07:00:00+00:00
Government,2009,11,748,3.4,2009-11-01 07:00:00+00:00
Government,2009,12,797,3.6,2009-12-01 08:00:00+00:00
Government,2010,1,948,4.3,2010-01-01 08:00:00+00:00
Government,2010,2,880,4.0,2010-02-01 08:00:00+00:00
Mining and Extraction,2000,1,19,3.9,2000-01-01 08:00:00+00:00
Mining and Extraction,2000,2,25,5.5,2000-02-01 08:00:00+00:00
Mining and Extraction,2000,3,17,3.7,2000-03-01 08:00:00+00:00
Mining and Extraction,2000,4,20,4.1,2000-04-01 08:00:00+00:00
Mining and Extraction,2000,5,27,5.3,2000-05-01 07:00:00+00:00
Mining and Extraction,2000,6,13,2.6,2000-06-01 07:00:00+00:00
Mining and Extraction,2000,7,16,3.6,2000-07-01 07:00:00+00:00
Mining and Extraction,2000,8,23,5.1,2000-08-01 07:00:00+00:00
Mining and Extraction,2000,9,25,5.8,2000-09-01 07:00:00+00:00
Mining and Extraction,2000,10,39,7.8,2000-10-01 07:00:00+00:00
Mining and Extraction,2000,11,11,2.0,2000-11-01 08:00:00+00:00
Mining and Extraction,2000,12,20,3.8,2000-12-01 08:00:00+00:00
Mining and Extraction,2001,1,11,2.3,2001-01-01 08:00:00+00:00
Mining and Extraction,2001,2,27,5.3,2001-02-01 08:00:00+00:00
Mining and Extraction,2001,3,14,3.0,2001-03-01 08:00:00+00:00
Mining and Extraction,2001,4,24,4.7,2001-04-01 08:00:00+00:00
Mining and Extraction,2001,5,34,5.9,2001-05-01 07:00:00+00:00
Mining and Extraction,2001,6,26,4.7,2001-06-01 07:00:00+00:00
Mining and Extraction,2001,7,17,3.1,2001-07-01 07:00:00+00:00
Mining and Extraction,2001,8,18,3.3,2001-08-01 07:00:00+00:00
Mining and Extraction,2001,9,23,4.2,2001-09-01 07:00:00+00:00
Mining and Extraction,2001,10,32,5.4,2001-10-01 07:00:00+00:00
Mining and Extraction,2001,11,20,3.6,2001-11-01 08:00:00+00:00
Mining and Extraction,2001,12,27,5.3,2001-12-01 08:00:00+00:00
Mining and Extraction,2002,1,33,7.0,2002-01-01 08:00:00+00:00
Mining and Extraction,2002,2,35,7.5,2002-02-01 08:00:00+00:00
Mining and Extraction,2002,3,28,5.3,2002-03-01 08:00:00+00:00
Mining and Extraction,2002,4,33,6.1,2002-04-01 08:00:00+00:00
Mining and Extraction,2002,5,25,4.9,2002-05-01 07:00:00+00:00
Mining and Extraction,2002,6,35,7.1,2002-06-01 07:00:00+00:00
Mining and Extraction,2002,7,19,3.9,2002-07-01 07:00:00+00:00
Mining and Extraction,2002,8,32,6.3,2002-08-01 07:00:00+00:00
Mining and Extraction,2002,9,42,7.9,2002-09-01 07:00:00+00:00
Mining and Extraction,2002,10,36,6.4,2002-10-01 07:00:00+00:00
Mining and Extraction,2002,11,32,5.4,2002-11-01 08:00:00+00:00
Mining and Extraction,2002,12,45,7.8,2002-12-01 08:00:00+00:00
Mining and Extraction,2003,1,54,9.0,2003-01-01 08:00:00+00:00
Mining and Extraction,2003,2,41,7.1,2003-02-01 08:00:00+00:00
Mining and Extraction,2003,3,46,8.2,2003-03-01 08:00:00+00:00
Mining and Extraction,2003,4,41,7.7,2003-04-01 08:00:00+00:00
Mining and Extraction,2003,5,40,7.5,2003-05-01 07:00:00+00:00
Mining and Extraction,2003,6,36,6.8,2003-06-01 07:00:00+00:00
Mining and Extraction,2003,7,43,7.9,2003-07-01 07:00:00+00:00
Mining and Extraction,2003,8,20,3.8,2003-08-01 07:00:00+00:00
Mining and Extraction,2003,9,25,4.6,2003-09-01 07:00:00+00:00
Mining and Extraction,2003,10,31,5.6,2003-10-01 07:00:00+00:00
Mining and Extraction,2003,11,34,5.9,2003-11-01 08:00:00+00:00
Mining and Extraction,2003,12,32,5.6,2003-12-01 08:00:00+00:00
Mining and Extraction,2004,1,31,5.8,2004-01-01 08:00:00+00:00
Mining and Extraction,2004,2,24,5.0,2004-02-01 08:00:00+00:00
Mining and Extraction,2004,3,22,4.4,2004-03-01 08:00:00+00:00
Mining and Extraction,2004,4,34,6.4,2004-04-01 08:00:00+00:00
Mining and Extraction,2004,5,22,4.3,2004-05-01 07:00:00+00:00
Mining and Extraction,2004,6,27,5.0,2004-06-01 07:00:00+00:00
Mining and Extraction,2004,7,28,5.4,2004-07-01 07:00:00+00:00
Mining and Extraction,2004,8,10,1.9,2004-08-01 07:00:00+00:00
Mining and Extraction,2004,9,8,1.5,2004-09-01 07:00:00+00:00
Mining and Extraction,2004,10,15,2.6,2004-10-01 07:00:00+00:00
Mining and Extraction,2004,11,20,3.3,2004-11-01 08:00:00+00:00
Mining and Extraction,2004,12,16,2.5,2004-12-01 08:00:00+00:00
Mining and Extraction,2005,1,29,4.9,2005-01-01 08:00:00+00:00
Mining and Extraction,2005,2,25,4.0,2005-02-01 08:00:00+00:00
Mining and Extraction,2005,3,32,5.2,2005-03-01 08:00:00+00:00
Mining and Extraction,2005,4,19,2.9,2005-04-01 08:00:00+00:00
Mining and Extraction,2005,5,16,2.4,2005-05-01 07:00:00+00:00
Mining and Extraction,2005,6,25,4.0,2005-06-01 07:00:00+00:00
Mining and Extraction,2005,7,22,3.7,2005-07-01 07:00:00+00:00
Mining and Extraction,2005,8,12,2.0,2005-08-01 07:00:00+00:00
Mining and Extraction,2005,9,12,2.0,2005-09-01 07:00:00+00:00
Mining and Extraction,2005,10,2,0.30000000000000004,2005-10-01 07:00:00+00:00
Mining and Extraction,2005,11,18,2.9,2005-11-01 08:00:00+00:00
Mining and Extraction,2005,12,23,3.5,2005-12-01 08:00:00+00:00
Mining and Extraction,2006,1,26,3.9,2006-01-01 08:00:00+00:00
Mining and Extraction,2006,2,25,3.8,2006-02-01 08:00:00+00:00
Mining and Extraction,2006,3,14,2.1,2006-03-01 08:00:00+00:00
Mining and Extraction,2006,4,17,2.5,2006-04-01 08:00:00+00:00
Mining and Extraction,2006,5,20,2.8,2006-05-01 07:00:00+00:00
Mining and Extraction,2006,6,31,4.3,2006-06-01 07:00:00+00:00
Mining and Extraction,2006,7,25,3.5,2006-07-01 07:00:00+00:00
Mining and Extraction,2006,8,32,4.3,2006-08-01 07:00:00+00:00
Mining and Extraction,2006,9,14,2.1,2006-09-01 07:00:00+00:00
Mining and Extraction,2006,10,15,2.2,2006-10-01 07:00:00+00:00
Mining and Extraction,2006,11,22,2.9,2006-11-01 08:00:00+00:00
Mining and Extraction,2006,12,25,3.4,2006-12-01 08:00:00+00:00
Mining and Extraction,2007,1,35,4.7,2007-01-01 08:00:00+00:00
Mining and Extraction,2007,2,33,4.5,2007-02-01 08:00:00+00:00
Mining and Extraction,2007,3,24,3.2,2007-03-01 08:00:00+00:00
Mining and Extraction,2007,4,17,2.3,2007-04-01 07:00:00+00:00
Mining and Extraction,2007,5,22,3.0,2007-05-01 07:00:00+00:00
Mining and Extraction,2007,6,33,4.3,2007-06-01 07:00:00+00:00
Mining and Extraction,2007,7,33,4.3,2007-07-01 07:00:00+00:00
Mining and Extraction,2007,8,33,4.6,2007-08-01 07:00:00+00:00
Mining and Extraction,2007,9,25,3.2,2007-09-01 07:00:00+00:00
Mining and Extraction,2007,10,9,1.3,2007-10-01 07:00:00+00:00
Mining and Extraction,2007,11,16,2.3,2007-11-01 07:00:00+00:00
Mining and Extraction,2007,12,24,3.4,2007-12-01 08:00:00+00:00
Mining and Extraction,2008,1,28,4.0,2008-01-01 08:00:00+00:00
Mining and Extraction,2008,2,16,2.2,2008-02-01 08:00:00+00:00
Mining and Extraction,2008,3,28,3.7,2008-03-01 08:00:00+00:00
Mining and Extraction,2008,4,28,3.6,2008-04-01 07:00:00+00:00
Mining and Extraction,2008,5,28,3.4,2008-05-01 07:00:00+00:00
Mining and Extraction,2008,6,28,3.3,2008-06-01 07:00:00+00:00
Mining and Extraction,2008,7,13,1.5,2008-07-01 07:00:00+00:00
Mining and Extraction,2008,8,17,1.9,2008-08-01 07:00:00+00:00
Mining and Extraction,2008,9,25,2.8,2008-09-01 07:00:00+00:00
Mining and Extraction,2008,10,15,1.7000000000000002,2008-10-01 07:00:00+00:00
Mining and Extraction,2008,11,32,3.7,2008-11-01 07:00:00+00:00
Mining and Extraction,2008,12,46,5.2,2008-12-01 08:00:00+00:00
Mining and Extraction,2009,1,59,7.0,2009-01-01 08:00:00+00:00
Mining and Extraction,2009,2,63,7.6,2009-02-01 08:00:00+00:00
Mining and Extraction,2009,3,105,12.6,2009-03-01 08:00:00+00:00
Mining and Extraction,2009,4,125,16.1,2009-04-01 07:00:00+00:00
Mining and Extraction,2009,5,98,13.3,2009-05-01 07:00:00+00:00
Mining and Extraction,2009,6,100,13.6,2009-06-01 07:00:00+00:00
Mining and Extraction,2009,7,95,12.6,2009-07-01 07:00:00+00:00
Mining and Extraction,2009,8,93,11.8,2009-08-01 07:00:00+00:00
Mining and Extraction,2009,9,76,10.7,2009-09-01 07:00:00+00:00
Mining and Extraction,2009,10,84,10.8,2009-10-01 07:00:00+00:00
Mining and Extraction,2009,11,96,12.0,2009-11-01 07:00:00+00:00
Mining and Extraction,2009,12,89,11.8,2009-12-01 08:00:00+00:00
Mining and Extraction,2010,1,68,9.1,2010-01-01 08:00:00+00:00
Mining and Extraction,2010,2,79,10.7,2010-02-01 08:00:00+00:00
Construction,2000,1,745,9.7,2000-01-01 08:00:00+00:00
Construction,2000,2,812,10.6,2000-02-01 08:00:00+00:00
Construction,2000,3,669,8.7,2000-03-01 08:00:00+00:00
Construction,2000,4,447,5.8,2000-04-01 08:00:00+00:00
Construction,2000,5,397,5.0,2000-05-01 07:00:00+00:00
Construction,2000,6,389,4.6,2000-06-01 07:00:00+00:00
Construction,2000,7,384,4.4,2000-07-01 07:00:00+00:00
Construction,2000,8,446,5.1,2000-08-01 07:00:00+00:00
Construction,2000,9,386,4.6,2000-09-01 07:00:00+00:00
Construction,2000,10,417,4.9,2000-10-01 07:00:00+00:00
Construction,2000,11,482,5.7,2000-11-01 08:00:00+00:00
Construction,2000,12,580,6.8,2000-12-01 08:00:00+00:00
Construction,2001,1,836,9.8,2001-01-01 08:00:00+00:00
Construction,2001,2,826,9.9,2001-02-01 08:00:00+00:00
Construction,2001,3,683,8.4,2001-03-01 08:00:00+00:00
Construction,2001,4,596,7.1,2001-04-01 08:00:00+00:00
Construction,2001,5,478,5.6,2001-05-01 07:00:00+00:00
Construction,2001,6,443,5.1,2001-06-01 07:00:00+00:00
Construction,2001,7,447,4.9,2001-07-01 07:00:00+00:00
Construction,2001,8,522,5.8,2001-08-01 07:00:00+00:00
Construction,2001,9,489,5.5,2001-09-01 07:00:00+00:00
Construction,2001,10,535,6.1,2001-10-01 07:00:00+00:00
Construction,2001,11,670,7.6,2001-11-01 08:00:00+00:00
Construction,2001,12,785,9.0,2001-12-01 08:00:00+00:00
Construction,2002,1,1211,13.6,2002-01-01 08:00:00+00:00
Construction,2002,2,1060,12.2,2002-02-01 08:00:00+00:00
Construction,2002,3,1009,11.8,2002-03-01 08:00:00+00:00
Construction,2002,4,855,10.1,2002-04-01 08:00:00+00:00
Construction,2002,5,626,7.4,2002-05-01 07:00:00+00:00
Construction,2002,6,593,6.9,2002-06-01 07:00:00+00:00
Construction,2002,7,594,6.9,2002-07-01 07:00:00+00:00
Construction,2002,8,654,7.4,2002-08-01 07:00:00+00:00
Construction,2002,9,615,7.0,2002-09-01 07:00:00+00:00
Construction,2002,10,680,7.7,2002-10-01 07:00:00+00:00
Construction,2002,11,758,8.5,2002-11-01 08:00:00+00:00
Construction,2002,12,941,10.9,2002-12-01 08:00:00+00:00
Construction,2003,1,1196,14.0,2003-01-01 08:00:00+00:00
Construction,2003,2,1173,14.0,2003-02-01 08:00:00+00:00
Construction,2003,3,987,11.8,2003-03-01 08:00:00+00:00
Construction,2003,4,772,9.3,2003-04-01 08:00:00+00:00
Construction,2003,5,715,8.4,2003-05-01 07:00:00+00:00
Construction,2003,6,710,7.9,2003-06-01 07:00:00+00:00
Construction,2003,7,677,7.5,2003-07-01 07:00:00+00:00
Construction,2003,8,650,7.1,2003-08-01 07:00:00+00:00
Construction,2003,9,681,7.6,2003-09-01 07:00:00+00:00
Construction,2003,10,651,7.4,2003-10-01 07:00:00+00:00
Construction,2003,11,690,7.8,2003-11-01 08:00:00+00:00
Construction,2003,12,813,9.3,2003-12-01 08:00:00+00:00
Construction,2004,1,994,11.3,2004-01-01 08:00:00+00:00
Construction,2004,2,1039,11.6,2004-02-01 08:00:00+00:00
Construction,2004,3,1011,11.3,2004-03-01 08:00:00+00:00
Construction,2004,4,849,9.5,2004-04-01 08:00:00+00:00
Construction,2004,5,665,7.4,2004-05-01 07:00:00+00:00
Construction,2004,6,668,7.0,2004-06-01 07:00:00+00:00
Construction,2004,7,610,6.4,2004-07-01 07:00:00+00:00
Construction,2004,8,563,6.0,2004-08-01 07:00:00+00:00
Construction,2004,9,629,6.8,2004-09-01 07:00:00+00:00
Construction,2004,10,635,6.9,2004-10-01 07:00:00+00:00
Construction,2004,11,695,7.4,2004-11-01 08:00:00+00:00
Construction,2004,12,870,9.5,2004-12-01 08:00:00+00:00
Construction,2005,1,1079,11.8,2005-01-01 08:00:00+00:00
Construction,2005,2,1150,12.3,2005-02-01 08:00:00+00:00
Construction,2005,3,961,10.3,2005-03-01 08:00:00+00:00
Construction,2005,4,693,7.4,2005-04-01 08:00:00+00:00
Construction,2005,5,567,6.1,2005-05-01 07:00:00+00:00
Construction,2005,6,559,5.7,2005-06-01 07:00:00+00:00
Construction,2005,7,509,5.2,2005-07-01 07:00:00+00:00
Construction,2005,8,561,5.7,2005-08-01 07:00:00+00:00
Construction,2005,9,572,5.7,2005-09-01 07:00:00+00:00
Construction,2005,10,519,5.3,2005-10-01 07:00:00+00:00
Construction,2005,11,564,5.7,2005-11-01 08:00:00+00:00
Construction,2005,12,813,8.2,2005-12-01 08:00:00+00:00
Construction,2006,1,868,9.0,2006-01-01 08:00:00+00:00
Construction,2006,2,836,8.6,2006-02-01 08:00:00+00:00
Construction,2006,3,820,8.5,2006-03-01 08:00:00+00:00
Construction,2006,4,674,6.9,2006-04-01 08:00:00+00:00
Construction,2006,5,647,6.6,2006-05-01 07:00:00+00:00
Construction,2006,6,569,5.6,2006-06-01 07:00:00+00:00
Construction,2006,7,633,6.1,2006-07-01 07:00:00+00:00
Construction,2006,8,618,5.9,2006-08-01 07:00:00+00:00
Construction,2006,9,586,5.6,2006-09-01 07:00:00+00:00
Construction,2006,10,456,4.5,2006-10-01 07:00:00+00:00
Construction,2006,11,618,6.0,2006-11-01 08:00:00+00:00
Construction,2006,12,725,6.9,2006-12-01 08:00:00+00:00
Construction,2007,1,922,8.9,2007-01-01 08:00:00+00:00
Construction,2007,2,1086,10.5,2007-02-01 08:00:00+00:00
Construction,2007,3,924,9.0,2007-03-01 08:00:00+00:00
Construction,2007,4,853,8.6,2007-04-01 07:00:00+00:00
Construction,2007,5,676,6.9,2007-05-01 07:00:00+00:00
Construction,2007,6,600,5.9,2007-06-01 07:00:00+00:00
Construction,2007,7,617,5.9,2007-07-01 07:00:00+00:00
Construction,2007,8,558,5.3,2007-08-01 07:00:00+00:00
Construction,2007,9,596,5.8,2007-09-01 07:00:00+00:00
Construction,2007,10,641,6.1,2007-10-01 07:00:00+00:00
Construction,2007,11,645,6.2,2007-11-01 07:00:00+00:00
Construction,2007,12,968,9.4,2007-12-01 08:00:00+00:00
Construction,2008,1,1099,11.0,2008-01-01 08:00:00+00:00
Construction,2008,2,1118,11.4,2008-02-01 08:00:00+00:00
Construction,2008,3,1170,12.0,2008-03-01 08:00:00+00:00
Construction,2008,4,1057,11.1,2008-04-01 07:00:00+00:00
Construction,2008,5,809,8.6,2008-05-01 07:00:00+00:00
Construction,2008,6,785,8.2,2008-06-01 07:00:00+00:00
Construction,2008,7,783,8.0,2008-07-01 07:00:00+00:00
Construction,2008,8,814,8.2,2008-08-01 07:00:00+00:00
Construction,2008,9,970,9.9,2008-09-01 07:00:00+00:00
Construction,2008,10,1078,10.8,2008-10-01 07:00:00+00:00
Construction,2008,11,1237,12.7,2008-11-01 07:00:00+00:00
Construction,2008,12,1438,15.3,2008-12-01 08:00:00+00:00
Construction,2009,1,1744,18.2,2009-01-01 08:00:00+00:00
Construction,2009,2,2025,21.4,2009-02-01 08:00:00+00:00
Construction,2009,3,1979,21.1,2009-03-01 08:00:00+00:00
Construction,2009,4,1737,18.7,2009-04-01 07:00:00+00:00
Construction,2009,5,1768,19.2,2009-05-01 07:00:00+00:00
Construction,2009,6,1601,17.4,2009-06-01 07:00:00+00:00
Construction,2009,7,1687,18.2,2009-07-01 07:00:00+00:00
Construction,2009,8,1542,16.5,2009-08-01 07:00:00+00:00
Construction,2009,9,1594,17.1,2009-09-01 07:00:00+00:00
Construction,2009,10,1744,18.7,2009-10-01 07:00:00+00:00
Construction,2009,11,1780,19.4,2009-11-01 07:00:00+00:00
Construction,2009,12,2044,22.7,2009-12-01 08:00:00+00:00
Construction,2010,1,2194,24.7,2010-01-01 08:00:00+00:00
Construction,2010,2,2440,27.1,2010-02-01 08:00:00+00:00
Manufacturing,2000,1,734,3.6,2000-01-01 08:00:00+00:00
Manufacturing,2000,2,694,3.4,2000-02-01 08:00:00+00:00
Manufacturing,2000,3,739,3.6,2000-03-01 08:00:00+00:00
Manufacturing,2000,4,736,3.7,2000-04-01 08:00:00+00:00
Manufacturing,2000,5,685,3.4,2000-05-01 07:00:00+00:00
Manufacturing,2000,6,621,3.1,2000-06-01 07:00:00+00:00
Manufacturing,2000,7,708,3.6,2000-07-01 07:00:00+00:00
Manufacturing,2000,8,685,3.4,2000-08-01 07:00:00+00:00
Manufacturing,2000,9,667,3.4,2000-09-01 07:00:00+00:00
Manufacturing,2000,10,693,3.6,2000-10-01 07:00:00+00:00
Manufacturing,2000,11,672,3.4,2000-11-01 08:00:00+00:00
Manufacturing,2000,12,653,3.3,2000-12-01 08:00:00+00:00
Manufacturing,2001,1,911,4.6,2001-01-01 08:00:00+00:00
Manufacturing,2001,2,902,4.6,2001-02-01 08:00:00+00:00
Manufacturing,2001,3,954,4.9,2001-03-01 08:00:00+00:00
Manufacturing,2001,4,855,4.4,2001-04-01 08:00:00+00:00
Manufacturing,2001,5,903,4.7,2001-05-01 07:00:00+00:00
Manufacturing,2001,6,956,5.0,2001-06-01 07:00:00+00:00
Manufacturing,2001,7,1054,5.6,2001-07-01 07:00:00+00:00
Manufacturing,2001,8,1023,5.5,2001-08-01 07:00:00+00:00
Manufacturing,2001,9,996,5.4,2001-09-01 07:00:00+00:00
Manufacturing,2001,10,1065,5.8,2001-10-01 07:00:00+00:00
Manufacturing,2001,11,1108,6.0,2001-11-01 08:00:00+00:00
Manufacturing,2001,12,1172,6.3,2001-12-01 08:00:00+00:00
Manufacturing,2002,1,1377,7.4,2002-01-01 08:00:00+00:00
Manufacturing,2002,2,1296,7.0,2002-02-01 08:00:00+00:00
Manufacturing,2002,3,1367,7.3,2002-03-01 08:00:00+00:00
Manufacturing,2002,4,1322,7.2,2002-04-01 08:00:00+00:00
Manufacturing,2002,5,1194,6.6,2002-05-01 07:00:00+00:00
Manufacturing,2002,6,1187,6.6,2002-06-01 07:00:00+00:00
Manufacturing,2002,7,1185,6.6,2002-07-01 07:00:00+00:00
Manufacturing,2002,8,1108,6.2,2002-08-01 07:00:00+00:00
Manufacturing,2002,9,1076,6.1,2002-09-01 07:00:00+00:00
Manufacturing,2002,10,1046,5.9,2002-10-01 07:00:00+00:00
Manufacturing,2002,11,1115,6.3,2002-11-01 08:00:00+00:00
Manufacturing,2002,12,1188,6.6,2002-12-01 08:00:00+00:00
Manufacturing,2003,1,1302,7.2,2003-01-01 08:00:00+00:00
Manufacturing,2003,2,1229,6.7,2003-02-01 08:00:00+00:00
Manufacturing,2003,3,1222,6.8,2003-03-01 08:00:00+00:00
Manufacturing,2003,4,1199,6.7,2003-04-01 08:00:00+00:00
Manufacturing,2003,5,1150,6.5,2003-05-01 07:00:00+00:00
Manufacturing,2003,6,1232,7.0,2003-06-01 07:00:00+00:00
Manufacturing,2003,7,1193,6.9,2003-07-01 07:00:00+00:00
Manufacturing,2003,8,1186,6.7,2003-08-01 07:00:00+00:00
Manufacturing,2003,9,1175,6.8,2003-09-01 07:00:00+00:00
Manufacturing,2003,10,1041,6.0,2003-10-01 07:00:00+00:00
Manufacturing,2003,11,1034,5.9,2003-11-01 08:00:00+00:00
Manufacturing,2003,12,1025,5.9,2003-12-01 08:00:00+00:00
Manufacturing,2004,1,1110,6.4,2004-01-01 08:00:00+00:00
Manufacturing,2004,2,1094,6.3,2004-02-01 08:00:00+00:00
Manufacturing,2004,3,1083,6.3,2004-03-01 08:00:00+00:00
Manufacturing,2004,4,1004,5.8,2004-04-01 08:00:00+00:00
Manufacturing,2004,5,966,5.6,2004-05-01 07:00:00+00:00
Manufacturing,2004,6,957,5.6,2004-06-01 07:00:00+00:00
Manufacturing,2004,7,1019,6.0,2004-07-01 07:00:00+00:00
Manufacturing,2004,8,840,4.9,2004-08-01 07:00:00+00:00
Manufacturing,2004,9,852,5.0,2004-09-01 07:00:00+00:00
Manufacturing,2004,10,884,5.3,2004-10-01 07:00:00+00:00
Manufacturing,2004,11,905,5.4,2004-11-01 08:00:00+00:00
Manufacturing,2004,12,872,5.1,2004-12-01 08:00:00+00:00
Manufacturing,2005,1,889,5.3,2005-01-01 08:00:00+00:00
Manufacturing,2005,2,889,5.3,2005-02-01 08:00:00+00:00
Manufacturing,2005,3,879,5.3,2005-03-01 08:00:00+00:00
Manufacturing,2005,4,793,4.8,2005-04-01 08:00:00+00:00
Manufacturing,2005,5,743,4.5,2005-05-01 07:00:00+00:00
Manufacturing,2005,6,743,4.4,2005-06-01 07:00:00+00:00
Manufacturing,2005,7,883,5.3,2005-07-01 07:00:00+00:00
Manufacturing,2005,8,767,4.7,2005-08-01 07:00:00+00:00
Manufacturing,2005,9,775,4.7,2005-09-01 07:00:00+00:00
Manufacturing,2005,10,800,4.8,2005-10-01 07:00:00+00:00
Manufacturing,2005,11,823,4.9,2005-11-01 08:00:00+00:00
Manufacturing,2005,12,757,4.5,2005-12-01 08:00:00+00:00
Manufacturing,2006,1,778,4.6,2006-01-01 08:00:00+00:00
Manufacturing,2006,2,821,4.9,2006-02-01 08:00:00+00:00
Manufacturing,2006,3,701,4.1,2006-03-01 08:00:00+00:00
Manufacturing,2006,4,745,4.5,2006-04-01 08:00:00+00:00
Manufacturing,2006,5,680,4.1,2006-05-01 07:00:00+00:00
Manufacturing,2006,6,635,3.8,2006-06-01 07:00:00+00:00
Manufacturing,2006,7,736,4.4,2006-07-01 07:00:00+00:00
Manufacturing,2006,8,680,4.1,2006-08-01 07:00:00+00:00
Manufacturing,2006,9,632,3.8,2006-09-01 07:00:00+00:00
Manufacturing,2006,10,618,3.7,2006-10-01 07:00:00+00:00
Manufacturing,2006,11,702,4.3,2006-11-01 08:00:00+00:00
Manufacturing,2006,12,660,4.0,2006-12-01 08:00:00+00:00
Manufacturing,2007,1,752,4.6,2007-01-01 08:00:00+00:00
Manufacturing,2007,2,774,4.7,2007-02-01 08:00:00+00:00
Manufacturing,2007,3,742,4.5,2007-03-01 08:00:00+00:00
Manufacturing,2007,4,749,4.6,2007-04-01 07:00:00+00:00
Manufacturing,2007,5,651,3.9,2007-05-01 07:00:00+00:00
Manufacturing,2007,6,653,4.0,2007-06-01 07:00:00+00:00
Manufacturing,2007,7,621,3.7,2007-07-01 07:00:00+00:00
Manufacturing,2007,8,596,3.6,2007-08-01 07:00:00+00:00
Manufacturing,2007,9,673,4.1,2007-09-01 07:00:00+00:00
Manufacturing,2007,10,729,4.3,2007-10-01 07:00:00+00:00
Manufacturing,2007,11,762,4.5,2007-11-01 07:00:00+00:00
Manufacturing,2007,12,772,4.6,2007-12-01 08:00:00+00:00
Manufacturing,2008,1,837,5.1,2008-01-01 08:00:00+00:00
Manufacturing,2008,2,820,5.0,2008-02-01 08:00:00+00:00
Manufacturing,2008,3,831,5.0,2008-03-01 08:00:00+00:00
Manufacturing,2008,4,796,4.8,2008-04-01 07:00:00+00:00
Manufacturing,2008,5,879,5.3,2008-05-01 07:00:00+00:00
Manufacturing,2008,6,862,5.2,2008-06-01 07:00:00+00:00
Manufacturing,2008,7,908,5.5,2008-07-01 07:00:00+00:00
Manufacturing,2008,8,960,5.7,2008-08-01 07:00:00+00:00
Manufacturing,2008,9,984,6.0,2008-09-01 07:00:00+00:00
Manufacturing,2008,10,1007,6.2,2008-10-01 07:00:00+00:00
Manufacturing,2008,11,1144,7.0,2008-11-01 07:00:00+00:00
Manufacturing,2008,12,1315,8.3,2008-12-01 08:00:00+00:00
Manufacturing,2009,1,1711,10.9,2009-01-01 08:00:00+00:00
Manufacturing,2009,2,1822,11.5,2009-02-01 08:00:00+00:00
Manufacturing,2009,3,1912,12.2,2009-03-01 08:00:00+00:00
Manufacturing,2009,4,1968,12.4,2009-04-01 07:00:00+00:00
Manufacturing,2009,5,2010,12.6,2009-05-01 07:00:00+00:00
Manufacturing,2009,6,2010,12.6,2009-06-01 07:00:00+00:00
Manufacturing,2009,7,1988,12.4,2009-07-01 07:00:00+00:00
Manufacturing,2009,8,1866,11.8,2009-08-01 07:00:00+00:00
Manufacturing,2009,9,1876,11.9,2009-09-01 07:00:00+00:00
Manufacturing,2009,10,1884,12.2,2009-10-01 07:00:00+00:00
Manufacturing,2009,11,1882,12.5,2009-11-01 07:00:00+00:00
Manufacturing,2009,12,1747,11.9,2009-12-01 08:00:00+00:00
Manufacturing,2010,1,1918,13.0,2010-01-01 08:00:00+00:00
Manufacturing,2010,2,1814,12.1,2010-02-01 08:00:00+00:00
Wholesale and Retail Trade,2000,1,1000,5.0,2000-01-01 08:00:00+00:00
Wholesale and Retail Trade,2000,2,1023,5.2,2000-02-01 08:00:00+00:00
Wholesale and Retail Trade,2000,3,983,5.1,2000-03-01 08:00:00+00:00
Wholesale and Retail Trade,2000,4,793,4.1,2000-04-01 08:00:00+00:00
Wholesale and Retail Trade,2000,5,821,4.3,2000-05-01 07:00:00+00:00
Wholesale and Retail Trade,2000,6,837,4.4,2000-06-01 07:00:00+00:00
Wholesale and Retail Trade,2000,7,792,4.1,2000-07-01 07:00:00+00:00
Wholesale and Retail Trade,2000,8,853,4.3,2000-08-01 07:00:00+00:00
Wholesale and Retail Trade,2000,9,791,4.1,2000-09-01 07:00:00+00:00
Wholesale and Retail Trade,2000,10,739,3.7,2000-10-01 07:00:00+00:00
Wholesale and Retail Trade,2000,11,701,3.6,2000-11-01 08:00:00+00:00
Wholesale and Retail Trade,2000,12,715,3.7,2000-12-01 08:00:00+00:00
Wholesale and Retail Trade,2001,1,908,4.7,2001-01-01 08:00:00+00:00
Wholesale and Retail Trade,2001,2,990,5.2,2001-02-01 08:00:00+00:00
Wholesale and Retail Trade,2001,3,1037,5.4,2001-03-01 08:00:00+00:00
Wholesale and Retail Trade,2001,4,820,4.3,2001-04-01 08:00:00+00:00
Wholesale and Retail Trade,2001,5,875,4.5,2001-05-01 07:00:00+00:00
Wholesale and Retail Trade,2001,6,955,4.9,2001-06-01 07:00:00+00:00
Wholesale and Retail Trade,2001,7,833,4.3,2001-07-01 07:00:00+00:00
Wholesale and Retail Trade,2001,8,928,4.8,2001-08-01 07:00:00+00:00
Wholesale and Retail Trade,2001,9,936,4.8,2001-09-01 07:00:00+00:00
Wholesale and Retail Trade,2001,10,941,4.8,2001-10-01 07:00:00+00:00
Wholesale and Retail Trade,2001,11,1046,5.3,2001-11-01 08:00:00+00:00
Wholesale and Retail Trade,2001,12,1074,5.4,2001-12-01 08:00:00+00:00
Wholesale and Retail Trade,2002,1,1212,6.3,2002-01-01 08:00:00+00:00
Wholesale and Retail Trade,2002,2,1264,6.6,2002-02-01 08:00:00+00:00
Wholesale and Retail Trade,2002,3,1269,6.6,2002-03-01 08:00:00+00:00
Wholesale and Retail Trade,2002,4,1222,6.4,2002-04-01 08:00:00+00:00
Wholesale and Retail Trade,2002,5,1138,5.8,2002-05-01 07:00:00+00:00
Wholesale and Retail Trade,2002,6,1240,6.2,2002-06-01 07:00:00+00:00
Wholesale and Retail Trade,2002,7,1132,5.6,2002-07-01 07:00:00+00:00
Wholesale and Retail Trade,2002,8,1170,5.8,2002-08-01 07:00:00+00:00
Wholesale and Retail Trade,2002,9,1171,5.9,2002-09-01 07:00:00+00:00
Wholesale and Retail Trade,2002,10,1212,6.1,2002-10-01 07:00:00+00:00
Wholesale and Retail Trade,2002,11,1242,6.2,2002-11-01 08:00:00+00:00
Wholesale and Retail Trade,2002,12,1150,5.7,2002-12-01 08:00:00+00:00
Wholesale and Retail Trade,2003,1,1342,6.7,2003-01-01 08:00:00+00:00
Wholesale and Retail Trade,2003,2,1238,6.1,2003-02-01 08:00:00+00:00
Wholesale and Retail Trade,2003,3,1179,5.9,2003-03-01 08:00:00+00:00
Wholesale and Retail Trade,2003,4,1201,6.0,2003-04-01 08:00:00+00:00
Wholesale and Retail Trade,2003,5,1247,6.2,2003-05-01 07:00:00+00:00
Wholesale and Retail Trade,2003,6,1434,6.9,2003-06-01 07:00:00+00:00
Wholesale and Retail Trade,2003,7,1387,6.6,2003-07-01 07:00:00+00:00
Wholesale and Retail Trade,2003,8,1161,5.6,2003-08-01 07:00:00+00:00
Wholesale and Retail Trade,2003,9,1229,5.9,2003-09-01 07:00:00+00:00
Wholesale and Retail Trade,2003,10,1189,5.7,2003-10-01 07:00:00+00:00
Wholesale and Retail Trade,2003,11,1156,5.4,2003-11-01 08:00:00+00:00
Wholesale and Retail Trade,2003,12,1081,5.0,2003-12-01 08:00:00+00:00
Wholesale and Retail Trade,2004,1,1389,6.5,2004-01-01 08:00:00+00:00
Wholesale and Retail Trade,2004,2,1369,6.5,2004-02-01 08:00:00+00:00
Wholesale and Retail Trade,2004,3,1386,6.8,2004-03-01 08:00:00+00:00
Wholesale and Retail Trade,2004,4,1248,6.1,2004-04-01 08:00:00+00:00
Wholesale and Retail Trade,2004,5,1183,5.8,2004-05-01 07:00:00+00:00
Wholesale and Retail Trade,2004,6,1182,5.8,2004-06-01 07:00:00+00:00
Wholesale and Retail Trade,2004,7,1163,5.5,2004-07-01 07:00:00+00:00
Wholesale and Retail Trade,2004,8,1079,5.1,2004-08-01 07:00:00+00:00
Wholesale and Retail Trade,2004,9,1127,5.5,2004-09-01 07:00:00+00:00
Wholesale and Retail Trade,2004,10,1138,5.4,2004-10-01 07:00:00+00:00
Wholesale and Retail Trade,2004,11,1045,5.0,2004-11-01 08:00:00+00:00
Wholesale and Retail Trade,2004,12,1058,5.0,2004-12-01 08:00:00+00:00
Wholesale and Retail Trade,2005,1,1302,6.3,2005-01-01 08:00:00+00:00
Wholesale and Retail Trade,2005,2,1301,6.2,2005-02-01 08:00:00+00:00
Wholesale and Retail Trade,2005,3,1173,5.6,2005-03-01 08:00:00+00:00
Wholesale and Retail Trade,2005,4,1131,5.4,2005-04-01 08:00:00+00:00
Wholesale and Retail Trade,2005,5,1145,5.4,2005-05-01 07:00:00+00:00
Wholesale and Retail Trade,2005,6,1197,5.7,2005-06-01 07:00:00+00:00
Wholesale and Retail Trade,2005,7,1194,5.6,2005-07-01 07:00:00+00:00
Wholesale and Retail Trade,2005,8,1130,5.3,2005-08-01 07:00:00+00:00
Wholesale and Retail Trade,2005,9,1038,4.9,2005-09-01 07:00:00+00:00
Wholesale and Retail Trade,2005,10,1050,4.9,2005-10-01 07:00:00+00:00
Wholesale and Retail Trade,2005,11,1013,4.7,2005-11-01 08:00:00+00:00
Wholesale and Retail Trade,2005,12,968,4.5,2005-12-01 08:00:00+00:00
Wholesale and Retail Trade,2006,1,1203,5.7,2006-01-01 08:00:00+00:00
Wholesale and Retail Trade,2006,2,1141,5.4,2006-02-01 08:00:00+00:00
Wholesale and Retail Trade,2006,3,1022,4.9,2006-03-01 08:00:00+00:00
Wholesale and Retail Trade,2006,4,972,4.6,2006-04-01 08:00:00+00:00
Wholesale and Retail Trade,2006,5,1025,4.8,2006-05-01 07:00:00+00:00
Wholesale and Retail Trade,2006,6,1085,5.1,2006-06-01 07:00:00+00:00
Wholesale and Retail Trade,2006,7,1083,5.1,2006-07-01 07:00:00+00:00
Wholesale and Retail Trade,2006,8,977,4.7,2006-08-01 07:00:00+00:00
Wholesale and Retail Trade,2006,9,1008,4.9,2006-09-01 07:00:00+00:00
Wholesale and Retail Trade,2006,10,972,4.7,2006-10-01 07:00:00+00:00
Wholesale and Retail Trade,2006,11,1018,4.8,2006-11-01 08:00:00+00:00
Wholesale and Retail Trade,2006,12,965,4.5,2006-12-01 08:00:00+00:00
Wholesale and Retail Trade,2007,1,1166,5.5,2007-01-01 08:00:00+00:00
Wholesale and Retail Trade,2007,2,1045,5.1,2007-02-01 08:00:00+00:00
Wholesale and Retail Trade,2007,3,896,4.4,2007-03-01 08:00:00+00:00
Wholesale and Retail Trade,2007,4,872,4.2,2007-04-01 07:00:00+00:00
Wholesale and Retail Trade,2007,5,795,3.9,2007-05-01 07:00:00+00:00
Wholesale and Retail Trade,2007,6,979,4.6,2007-06-01 07:00:00+00:00
Wholesale and Retail Trade,2007,7,1089,5.2,2007-07-01 07:00:00+00:00
Wholesale and Retail Trade,2007,8,1028,5.1,2007-08-01 07:00:00+00:00
Wholesale and Retail Trade,2007,9,1027,5.1,2007-09-01 07:00:00+00:00
Wholesale and Retail Trade,2007,10,907,4.4,2007-10-01 07:00:00+00:00
Wholesale and Retail Trade,2007,11,893,4.3,2007-11-01 07:00:00+00:00
Wholesale and Retail Trade,2007,12,1009,4.8,2007-12-01 08:00:00+00:00
Wholesale and Retail Trade,2008,1,1120,5.4,2008-01-01 08:00:00+00:00
Wholesale and Retail Trade,2008,2,1007,4.9,2008-02-01 08:00:00+00:00
Wholesale and Retail Trade,2008,3,992,4.9,2008-03-01 08:00:00+00:00
Wholesale and Retail Trade,2008,4,919,4.5,2008-04-01 07:00:00+00:00
Wholesale and Retail Trade,2008,5,1049,5.2,2008-05-01 07:00:00+00:00
Wholesale and Retail Trade,2008,6,1160,5.7,2008-06-01 07:00:00+00:00
Wholesale and Retail Trade,2008,7,1329,6.5,2008-07-01 07:00:00+00:00
Wholesale and Retail Trade,2008,8,1366,6.6,2008-08-01 07:00:00+00:00
Wholesale and Retail Trade,2008,9,1277,6.2,2008-09-01 07:00:00+00:00
Wholesale and Retail Trade,2008,10,1313,6.3,2008-10-01 07:00:00+00:00
Wholesale and Retail Trade,2008,11,1397,6.7,2008-11-01 07:00:00+00:00
Wholesale and Retail Trade,2008,12,1535,7.2,2008-12-01 08:00:00+00:00
Wholesale and Retail Trade,2009,1,1794,8.7,2009-01-01 08:00:00+00:00
Wholesale and Retail Trade,2009,2,1847,8.9,2009-02-01 08:00:00+00:00
Wholesale and Retail Trade,2009,3,1852,9.0,2009-03-01 08:00:00+00:00
Wholesale and Retail Trade,2009,4,1833,9.0,2009-04-01 07:00:00+00:00
Wholesale and Retail Trade,2009,5,1835,9.0,2009-05-01 07:00:00+00:00
Wholesale and Retail Trade,2009,6,1863,9.1,2009-06-01 07:00:00+00:00
Wholesale and Retail Trade,2009,7,1854,9.0,2009-07-01 07:00:00+00:00
Wholesale and Retail Trade,2009,8,1794,8.8,2009-08-01 07:00:00+00:00
Wholesale and Retail Trade,2009,9,1809,9.0,2009-09-01 07:00:00+00:00
Wholesale and Retail Trade,2009,10,1919,9.6,2009-10-01 07:00:00+00:00
Wholesale and Retail Trade,2009,11,1879,9.2,2009-11-01 07:00:00+00:00
Wholesale and Retail Trade,2009,12,1851,9.1,2009-12-01 08:00:00+00:00
Wholesale and Retail Trade,2010,1,2154,10.5,2010-01-01 08:00:00+00:00
Wholesale and Retail Trade,2010,2,2071,10.0,2010-02-01 08:00:00+00:00
Transportation and Utilities,2000,1,236,4.3,2000-01-01 08:00:00+00:00
Transportation and Utilities,2000,2,223,4.0,2000-02-01 08:00:00+00:00
Transportation and Utilities,2000,3,192,3.5,2000-03-01 08:00:00+00:00
Transportation and Utilities,2000,4,191,3.4,2000-04-01 08:00:00+00:00
Transportation and Utilities,2000,5,190,3.4,2000-05-01 07:00:00+00:00
Transportation and Utilities,2000,6,183,3.2,2000-06-01 07:00:00+00:00
Transportation and Utilities,2000,7,228,3.9,2000-07-01 07:00:00+00:00
Transportation and Utilities,2000,8,198,3.4,2000-08-01 07:00:00+00:00
Transportation and Utilities,2000,9,231,4.0,2000-09-01 07:00:00+00:00
Transportation and Utilities,2000,10,153,2.8,2000-10-01 07:00:00+00:00
Transportation and Utilities,2000,11,129,2.3,2000-11-01 08:00:00+00:00
Transportation and Utilities,2000,12,168,3.1,2000-12-01 08:00:00+00:00
Transportation and Utilities,2001,1,194,3.6,2001-01-01 08:00:00+00:00
Transportation and Utilities,2001,2,189,3.4,2001-02-01 08:00:00+00:00
Transportation and Utilities,2001,3,193,3.5,2001-03-01 08:00:00+00:00
Transportation and Utilities,2001,4,232,4.2,2001-04-01 08:00:00+00:00
Transportation and Utilities,2001,5,178,3.1,2001-05-01 07:00:00+00:00
Transportation and Utilities,2001,6,242,4.3,2001-06-01 07:00:00+00:00
Transportation and Utilities,2001,7,236,4.2,2001-07-01 07:00:00+00:00
Transportation and Utilities,2001,8,226,3.9,2001-08-01 07:00:00+00:00
Transportation and Utilities,2001,9,214,3.9,2001-09-01 07:00:00+00:00
Transportation and Utilities,2001,10,321,5.8,2001-10-01 07:00:00+00:00
Transportation and Utilities,2001,11,302,5.4,2001-11-01 08:00:00+00:00
Transportation and Utilities,2001,12,310,5.6,2001-12-01 08:00:00+00:00
Transportation and Utilities,2002,1,368,6.6,2002-01-01 08:00:00+00:00
Transportation and Utilities,2002,2,331,5.7,2002-02-01 08:00:00+00:00
Transportation and Utilities,2002,3,313,5.6,2002-03-01 08:00:00+00:00
Transportation and Utilities,2002,4,280,5.0,2002-04-01 08:00:00+00:00
Transportation and Utilities,2002,5,257,4.5,2002-05-01 07:00:00+00:00
Transportation and Utilities,2002,6,274,4.9,2002-06-01 07:00:00+00:00
Transportation and Utilities,2002,7,270,4.9,2002-07-01 07:00:00+00:00
Transportation and Utilities,2002,8,221,3.9,2002-08-01 07:00:00+00:00
Transportation and Utilities,2002,9,235,4.2,2002-09-01 07:00:00+00:00
Transportation and Utilities,2002,10,262,4.7,2002-10-01 07:00:00+00:00
Transportation and Utilities,2002,11,233,4.2,2002-11-01 08:00:00+00:00
Transportation and Utilities,2002,12,243,4.6,2002-12-01 08:00:00+00:00
Transportation and Utilities,2003,1,331,6.3,2003-01-01 08:00:00+00:00
Transportation and Utilities,2003,2,316,5.8,2003-02-01 08:00:00+00:00
Transportation and Utilities,2003,3,319,5.9,2003-03-01 08:00:00+00:00
Transportation and Utilities,2003,4,274,5.0,2003-04-01 08:00:00+00:00
Transportation and Utilities,2003,5,260,4.9,2003-05-01 07:00:00+00:00
Transportation and Utilities,2003,6,300,5.5,2003-06-01 07:00:00+00:00
Transportation and Utilities,2003,7,289,5.4,2003-07-01 07:00:00+00:00
Transportation and Utilities,2003,8,255,4.8,2003-08-01 07:00:00+00:00
Transportation and Utilities,2003,9,255,4.7,2003-09-01 07:00:00+00:00
Transportation and Utilities,2003,10,260,4.8,2003-10-01 07:00:00+00:00
Transportation and Utilities,2003,11,275,5.1,2003-11-01 08:00:00+00:00
Transportation and Utilities,2003,12,267,5.0,2003-12-01 08:00:00+00:00
Transportation and Utilities,2004,1,243,4.6,2004-01-01 08:00:00+00:00
Transportation and Utilities,2004,2,291,5.5,2004-02-01 08:00:00+00:00
Transportation and Utilities,2004,3,284,5.4,2004-03-01 08:00:00+00:00
Transportation and Utilities,2004,4,239,4.5,2004-04-01 08:00:00+00:00
Transportation and Utilities,2004,5,230,4.4,2004-05-01 07:00:00+00:00
Transportation and Utilities,2004,6,227,4.3,2004-06-01 07:00:00+00:00
Transportation and Utilities,2004,7,231,4.3,2004-07-01 07:00:00+00:00
Transportation and Utilities,2004,8,236,4.4,2004-08-01 07:00:00+00:00
Transportation and Utilities,2004,9,208,3.9,2004-09-01 07:00:00+00:00
Transportation and Utilities,2004,10,219,4.0,2004-10-01 07:00:00+00:00
Transportation and Utilities,2004,11,217,4.0,2004-11-01 08:00:00+00:00
Transportation and Utilities,2004,12,204,3.8,2004-12-01 08:00:00+00:00
Transportation and Utilities,2005,1,276,5.0,2005-01-01 08:00:00+00:00
Transportation and Utilities,2005,2,245,4.4,2005-02-01 08:00:00+00:00
Transportation and Utilities,2005,3,267,4.8,2005-03-01 08:00:00+00:00
Transportation and Utilities,2005,4,257,4.7,2005-04-01 08:00:00+00:00
Transportation and Utilities,2005,5,223,4.1,2005-05-01 07:00:00+00:00
Transportation and Utilities,2005,6,247,4.5,2005-06-01 07:00:00+00:00
Transportation and Utilities,2005,7,222,3.9,2005-07-01 07:00:00+00:00
Transportation and Utilities,2005,8,187,3.3,2005-08-01 07:00:00+00:00
Transportation and Utilities,2005,9,211,3.7,2005-09-01 07:00:00+00:00
Transportation and Utilities,2005,10,251,4.4,2005-10-01 07:00:00+00:00
Transportation and Utilities,2005,11,199,3.5,2005-11-01 08:00:00+00:00
Transportation and Utilities,2005,12,202,3.6,2005-12-01 08:00:00+00:00
Transportation and Utilities,2006,1,287,5.0,2006-01-01 08:00:00+00:00
Transportation and Utilities,2006,2,260,4.6,2006-02-01 08:00:00+00:00
Transportation and Utilities,2006,3,263,4.7,2006-03-01 08:00:00+00:00
Transportation and Utilities,2006,4,272,4.8,2006-04-01 08:00:00+00:00
Transportation and Utilities,2006,5,226,4.0,2006-05-01 07:00:00+00:00
Transportation and Utilities,2006,6,225,3.9,2006-06-01 07:00:00+00:00
Transportation and Utilities,2006,7,237,4.2,2006-07-01 07:00:00+00:00
Transportation and Utilities,2006,8,217,3.7,2006-08-01 07:00:00+00:00
Transportation and Utilities,2006,9,183,3.1,2006-09-01 07:00:00+00:00
Transportation and Utilities,2006,10,206,3.6,2006-10-01 07:00:00+00:00
Transportation and Utilities,2006,11,183,3.1,2006-11-01 08:00:00+00:00
Transportation and Utilities,2006,12,190,3.2,2006-12-01 08:00:00+00:00
Transportation and Utilities,2007,1,248,4.2,2007-01-01 08:00:00+00:00
Transportation and Utilities,2007,2,251,4.2,2007-02-01 08:00:00+00:00
Transportation and Utilities,2007,3,249,4.3,2007-03-01 08:00:00+00:00
Transportation and Utilities,2007,4,188,3.3,2007-04-01 07:00:00+00:00
Transportation and Utilities,2007,5,216,3.8,2007-05-01 07:00:00+00:00
Transportation and Utilities,2007,6,242,4.1,2007-06-01 07:00:00+00:00
Transportation and Utilities,2007,7,309,5.1,2007-07-01 07:00:00+00:00
Transportation and Utilities,2007,8,205,3.4,2007-08-01 07:00:00+00:00
Transportation and Utilities,2007,9,224,3.7,2007-09-01 07:00:00+00:00
Transportation and Utilities,2007,10,218,3.6,2007-10-01 07:00:00+00:00
Transportation and Utilities,2007,11,242,3.9,2007-11-01 07:00:00+00:00
Transportation and Utilities,2007,12,210,3.4,2007-12-01 08:00:00+00:00
Transportation and Utilities,2008,1,271,4.4,2008-01-01 08:00:00+00:00
Transportation and Utilities,2008,2,289,4.6,2008-02-01 08:00:00+00:00
Transportation and Utilities,2008,3,267,4.3,2008-03-01 08:00:00+00:00
Transportation and Utilities,2008,4,245,4.0,2008-04-01 07:00:00+00:00
Transportation and Utilities,2008,5,269,4.3,2008-05-01 07:00:00+00:00
Transportation and Utilities,2008,6,329,5.1,2008-06-01 07:00:00+00:00
Transportation and Utilities,2008,7,359,5.7,2008-07-01 07:00:00+00:00
Transportation and Utilities,2008,8,309,5.2,2008-08-01 07:00:00+00:00
Transportation and Utilities,2008,9,337,5.8,2008-09-01 07:00:00+00:00
Transportation and Utilities,2008,10,316,5.7,2008-10-01 07:00:00+00:00
Transportation and Utilities,2008,11,331,5.8,2008-11-01 07:00:00+00:00
Transportation and Utilities,2008,12,421,6.7,2008-12-01 08:00:00+00:00
Transportation and Utilities,2009,1,522,8.4,2009-01-01 08:00:00+00:00
Transportation and Utilities,2009,2,563,9.1,2009-02-01 08:00:00+00:00
Transportation and Utilities,2009,3,558,9.0,2009-03-01 08:00:00+00:00
Transportation and Utilities,2009,4,541,9.0,2009-04-01 07:00:00+00:00
Transportation and Utilities,2009,5,506,8.5,2009-05-01 07:00:00+00:00
Transportation and Utilities,2009,6,499,8.4,2009-06-01 07:00:00+00:00
Transportation and Utilities,2009,7,511,8.8,2009-07-01 07:00:00+00:00
Transportation and Utilities,2009,8,547,9.8,2009-08-01 07:00:00+00:00
Transportation and Utilities,2009,9,538,9.5,2009-09-01 07:00:00+00:00
Transportation and Utilities,2009,10,480,8.6,2009-10-01 07:00:00+00:00
Transportation and Utilities,2009,11,493,8.5,2009-11-01 07:00:00+00:00
Transportation and Utilities,2009,12,539,9.0,2009-12-01 08:00:00+00:00
Transportation and Utilities,2010,1,657,11.3,2010-01-01 08:00:00+00:00
Transportation and Utilities,2010,2,591,10.5,2010-02-01 08:00:00+00:00
Information,2000,1,125,3.4,2000-01-01 08:00:00+00:00
Information,2000,2,112,2.9,2000-02-01 08:00:00+00:00
Information,2000,3,140,3.6,2000-03-01 08:00:00+00:00
Information,2000,4,95,2.4,2000-04-01 08:00:00+00:00
Information,2000,5,131,3.5,2000-05-01 07:00:00+00:00
Information,2000,6,102,2.6,2000-06-01 07:00:00+00:00
Information,2000,7,144,3.6,2000-07-01 07:00:00+00:00
Information,2000,8,143,3.7,2000-08-01 07:00:00+00:00
Information,2000,9,130,3.3,2000-09-01 07:00:00+00:00
Information,2000,10,96,2.4,2000-10-01 07:00:00+00:00
Information,2000,11,117,3.0,2000-11-01 08:00:00+00:00
Information,2000,12,151,4.0,2000-12-01 08:00:00+00:00
Information,2001,1,161,4.1,2001-01-01 08:00:00+00:00
Information,2001,2,109,2.9,2001-02-01 08:00:00+00:00
Information,2001,3,148,3.8,2001-03-01 08:00:00+00:00
Information,2001,4,148,3.7,2001-04-01 08:00:00+00:00
Information,2001,5,164,4.2,2001-05-01 07:00:00+00:00
Information,2001,6,163,4.1,2001-06-01 07:00:00+00:00
Information,2001,7,206,5.2,2001-07-01 07:00:00+00:00
Information,2001,8,210,5.4,2001-08-01 07:00:00+00:00
Information,2001,9,219,5.6,2001-09-01 07:00:00+00:00
Information,2001,10,233,6.0,2001-10-01 07:00:00+00:00
Information,2001,11,241,6.2,2001-11-01 08:00:00+00:00
Information,2001,12,275,7.4,2001-12-01 08:00:00+00:00
Information,2002,1,263,7.1,2002-01-01 08:00:00+00:00
Information,2002,2,279,7.6,2002-02-01 08:00:00+00:00
Information,2002,3,266,7.2,2002-03-01 08:00:00+00:00
Information,2002,4,257,6.9,2002-04-01 08:00:00+00:00
Information,2002,5,260,7.2,2002-05-01 07:00:00+00:00
Information,2002,6,255,6.9,2002-06-01 07:00:00+00:00
Information,2002,7,264,7.1,2002-07-01 07:00:00+00:00
Information,2002,8,270,7.1,2002-08-01 07:00:00+00:00
Information,2002,9,231,6.3,2002-09-01 07:00:00+00:00
Information,2002,10,211,6.0,2002-10-01 07:00:00+00:00
Information,2002,11,220,6.5,2002-11-01 08:00:00+00:00
Information,2002,12,255,7.2,2002-12-01 08:00:00+00:00
Information,2003,1,243,6.7,2003-01-01 08:00:00+00:00
Information,2003,2,321,8.6,2003-02-01 08:00:00+00:00
Information,2003,3,267,7.4,2003-03-01 08:00:00+00:00
Information,2003,4,268,7.3,2003-04-01 08:00:00+00:00
Information,2003,5,251,6.9,2003-05-01 07:00:00+00:00
Information,2003,6,239,6.4,2003-06-01 07:00:00+00:00
Information,2003,7,224,5.9,2003-07-01 07:00:00+00:00
Information,2003,8,224,6.1,2003-08-01 07:00:00+00:00
Information,2003,9,248,7.0,2003-09-01 07:00:00+00:00
Information,2003,10,182,5.4,2003-10-01 07:00:00+00:00
Information,2003,11,257,7.6,2003-11-01 08:00:00+00:00
Information,2003,12,224,6.5,2003-12-01 08:00:00+00:00
Information,2004,1,236,7.0,2004-01-01 08:00:00+00:00
Information,2004,2,194,5.8,2004-02-01 08:00:00+00:00
Information,2004,3,216,6.3,2004-03-01 08:00:00+00:00
Information,2004,4,168,5.0,2004-04-01 08:00:00+00:00
Information,2004,5,190,5.7,2004-05-01 07:00:00+00:00
Information,2004,6,172,5.0,2004-06-01 07:00:00+00:00
Information,2004,7,174,5.2,2004-07-01 07:00:00+00:00
Information,2004,8,191,5.7,2004-08-01 07:00:00+00:00
Information,2004,9,178,5.4,2004-09-01 07:00:00+00:00
Information,2004,10,185,5.6,2004-10-01 07:00:00+00:00
Information,2004,11,187,5.6,2004-11-01 08:00:00+00:00
Information,2004,12,173,5.7,2004-12-01 08:00:00+00:00
Information,2005,1,168,5.4,2005-01-01 08:00:00+00:00
Information,2005,2,204,6.5,2005-02-01 08:00:00+00:00
Information,2005,3,177,6.0,2005-03-01 08:00:00+00:00
Information,2005,4,178,5.9,2005-04-01 08:00:00+00:00
Information,2005,5,145,4.7,2005-05-01 07:00:00+00:00
Information,2005,6,160,5.0,2005-06-01 07:00:00+00:00
Information,2005,7,142,4.2,2005-07-01 07:00:00+00:00
Information,2005,8,156,4.6,2005-08-01 07:00:00+00:00
Information,2005,9,168,4.9,2005-09-01 07:00:00+00:00
Information,2005,10,162,4.8,2005-10-01 07:00:00+00:00
Information,2005,11,172,5.1,2005-11-01 08:00:00+00:00
Information,2005,12,128,3.7,2005-12-01 08:00:00+00:00
Information,2006,1,105,3.3,2006-01-01 08:00:00+00:00
Information,2006,2,119,3.7,2006-02-01 08:00:00+00:00
Information,2006,3,116,3.5,2006-03-01 08:00:00+00:00
Information,2006,4,132,4.2,2006-04-01 08:00:00+00:00
Information,2006,5,158,4.8,2006-05-01 07:00:00+00:00
Information,2006,6,114,3.4,2006-06-01 07:00:00+00:00
Information,2006,7,103,3.0,2006-07-01 07:00:00+00:00
Information,2006,8,132,3.9,2006-08-01 07:00:00+00:00
Information,2006,9,170,4.9,2006-09-01 07:00:00+00:00
Information,2006,10,116,3.4,2006-10-01 07:00:00+00:00
Information,2006,11,137,3.9,2006-11-01 08:00:00+00:00
Information,2006,12,108,2.9,2006-12-01 08:00:00+00:00
Information,2007,1,143,4.0,2007-01-01 08:00:00+00:00
Information,2007,2,139,4.0,2007-02-01 08:00:00+00:00
Information,2007,3,109,3.2,2007-03-01 08:00:00+00:00
Information,2007,4,77,2.4,2007-04-01 07:00:00+00:00
Information,2007,5,110,3.3,2007-05-01 07:00:00+00:00
Information,2007,6,114,3.4,2007-06-01 07:00:00+00:00
Information,2007,7,112,3.4,2007-07-01 07:00:00+00:00
Information,2007,8,140,4.1,2007-08-01 07:00:00+00:00
Information,2007,9,124,3.7,2007-09-01 07:00:00+00:00
Information,2007,10,120,3.7,2007-10-01 07:00:00+00:00
Information,2007,11,132,4.0,2007-11-01 07:00:00+00:00
Information,2007,12,125,3.7,2007-12-01 08:00:00+00:00
Information,2008,1,169,5.1,2008-01-01 08:00:00+00:00
Information,2008,2,193,5.8,2008-02-01 08:00:00+00:00
Information,2008,3,155,4.8,2008-03-01 08:00:00+00:00
Information,2008,4,143,4.4,2008-04-01 07:00:00+00:00
Information,2008,5,170,5.0,2008-05-01 07:00:00+00:00
Information,2008,6,157,4.7,2008-06-01 07:00:00+00:00
Information,2008,7,141,4.1,2008-07-01 07:00:00+00:00
Information,2008,8,144,4.2,2008-08-01 07:00:00+00:00
Information,2008,9,166,5.0,2008-09-01 07:00:00+00:00
Information,2008,10,168,5.0,2008-10-01 07:00:00+00:00
Information,2008,11,173,5.2,2008-11-01 07:00:00+00:00
Information,2008,12,219,6.9,2008-12-01 08:00:00+00:00
Information,2009,1,232,7.4,2009-01-01 08:00:00+00:00
Information,2009,2,224,7.1,2009-02-01 08:00:00+00:00
Information,2009,3,252,7.8,2009-03-01 08:00:00+00:00
Information,2009,4,320,10.1,2009-04-01 07:00:00+00:00
Information,2009,5,303,9.5,2009-05-01 07:00:00+00:00
Information,2009,6,347,11.1,2009-06-01 07:00:00+00:00
Information,2009,7,373,11.5,2009-07-01 07:00:00+00:00
Information,2009,8,358,10.7,2009-08-01 07:00:00+00:00
Information,2009,9,362,11.2,2009-09-01 07:00:00+00:00
Information,2009,10,261,8.2,2009-10-01 07:00:00+00:00
Information,2009,11,243,7.6,2009-11-01 07:00:00+00:00
Information,2009,12,256,8.5,2009-12-01 08:00:00+00:00
Information,2010,1,313,10.0,2010-01-01 08:00:00+00:00
Information,2010,2,300,10.0,2010-02-01 08:00:00+00:00
Finance,2000,1,228,2.7,2000-01-01 08:00:00+00:00
Finance,2000,2,240,2.8,2000-02-01 08:00:00+00:00
Finance,2000,3,226,2.6,2000-03-01 08:00:00+00:00
Finance,2000,4,197,2.3,2000-04-01 08:00:00+00:00
Finance,2000,5,195,2.2,2000-05-01 07:00:00+00:00
Finance,2000,6,216,2.5,2000-06-01 07:00:00+00:00
Finance,2000,7,190,2.2,2000-07-01 07:00:00+00:00
Finance,2000,8,213,2.5,2000-08-01 07:00:00+00:00
Finance,2000,9,187,2.2,2000-09-01 07:00:00+00:00
Finance,2000,10,224,2.6,2000-10-01 07:00:00+00:00
Finance,2000,11,184,2.1,2000-11-01 08:00:00+00:00
Finance,2000,12,200,2.3,2000-12-01 08:00:00+00:00
Finance,2001,1,232,2.6,2001-01-01 08:00:00+00:00
Finance,2001,2,235,2.6,2001-02-01 08:00:00+00:00
Finance,2001,3,211,2.4,2001-03-01 08:00:00+00:00
Finance,2001,4,232,2.6,2001-04-01 08:00:00+00:00
Finance,2001,5,191,2.2,2001-05-01 07:00:00+00:00
Finance,2001,6,249,2.8,2001-06-01 07:00:00+00:00
Finance,2001,7,289,3.3,2001-07-01 07:00:00+00:00
Finance,2001,8,256,2.9,2001-08-01 07:00:00+00:00
Finance,2001,9,268,3.1,2001-09-01 07:00:00+00:00
Finance,2001,10,281,3.3,2001-10-01 07:00:00+00:00
Finance,2001,11,320,3.6,2001-11-01 08:00:00+00:00
Finance,2001,12,258,3.0,2001-12-01 08:00:00+00:00
Finance,2002,1,267,3.0,2002-01-01 08:00:00+00:00
Finance,2002,2,318,3.5,2002-02-01 08:00:00+00:00
Finance,2002,3,287,3.2,2002-03-01 08:00:00+00:00
Finance,2002,4,292,3.3,2002-04-01 08:00:00+00:00
Finance,2002,5,340,3.8,2002-05-01 07:00:00+00:00
Finance,2002,6,373,4.1,2002-06-01 07:00:00+00:00
Finance,2002,7,345,3.8,2002-07-01 07:00:00+00:00
Finance,2002,8,343,3.8,2002-08-01 07:00:00+00:00
Finance,2002,9,299,3.3,2002-09-01 07:00:00+00:00
Finance,2002,10,312,3.5,2002-10-01 07:00:00+00:00
Finance,2002,11,337,3.7,2002-11-01 08:00:00+00:00
Finance,2002,12,322,3.6,2002-12-01 08:00:00+00:00
Finance,2003,1,327,3.6,2003-01-01 08:00:00+00:00
Finance,2003,2,310,3.4,2003-02-01 08:00:00+00:00
Finance,2003,3,357,4.0,2003-03-01 08:00:00+00:00
Finance,2003,4,323,3.6,2003-04-01 08:00:00+00:00
Finance,2003,5,320,3.6,2003-05-01 07:00:00+00:00
Finance,2003,6,358,4.0,2003-06-01 07:00:00+00:00
Finance,2003,7,284,3.1,2003-07-01 07:00:00+00:00
Finance,2003,8,342,3.7,2003-08-01 07:00:00+00:00
Finance,2003,9,305,3.3,2003-09-01 07:00:00+00:00
Finance,2003,10,303,3.3,2003-10-01 07:00:00+00:00
Finance,2003,11,311,3.3,2003-11-01 08:00:00+00:00
Finance,2003,12,283,3.0,2003-12-01 08:00:00+00:00
Finance,2004,1,403,4.3,2004-01-01 08:00:00+00:00
Finance,2004,2,363,3.8,2004-02-01 08:00:00+00:00
Finance,2004,3,343,3.7,2004-03-01 08:00:00+00:00
Finance,2004,4,312,3.4,2004-04-01 08:00:00+00:00
Finance,2004,5,302,3.3,2004-05-01 07:00:00+00:00
Finance,2004,6,335,3.6,2004-06-01 07:00:00+00:00
Finance,2004,7,307,3.3,2004-07-01 07:00:00+00:00
Finance,2004,8,312,3.4,2004-08-01 07:00:00+00:00
Finance,2004,9,374,4.0,2004-09-01 07:00:00+00:00
Finance,2004,10,358,3.8,2004-10-01 07:00:00+00:00
Finance,2004,11,290,3.1,2004-11-01 08:00:00+00:00
Finance,2004,12,290,3.1,2004-12-01 08:00:00+00:00
Finance,2005,1,252,2.7,2005-01-01 08:00:00+00:00
Finance,2005,2,301,3.2,2005-02-01 08:00:00+00:00
Finance,2005,3,261,2.7,2005-03-01 08:00:00+00:00
Finance,2005,4,255,2.7,2005-04-01 08:00:00+00:00
Finance,2005,5,288,3.1,2005-05-01 07:00:00+00:00
Finance,2005,6,307,3.3,2005-06-01 07:00:00+00:00
Finance,2005,7,309,3.3,2005-07-01 07:00:00+00:00
Finance,2005,8,300,3.2,2005-08-01 07:00:00+00:00
Finance,2005,9,260,2.7,2005-09-01 07:00:00+00:00
Finance,2005,10,255,2.7,2005-10-01 07:00:00+00:00
Finance,2005,11,268,2.8,2005-11-01 08:00:00+00:00
Finance,2005,12,204,2.1,2005-12-01 08:00:00+00:00
Finance,2006,1,233,2.4,2006-01-01 08:00:00+00:00
Finance,2006,2,268,2.8,2006-02-01 08:00:00+00:00
Finance,2006,3,298,3.1,2006-03-01 08:00:00+00:00
Finance,2006,4,293,3.1,2006-04-01 08:00:00+00:00
Finance,2006,5,289,3.0,2006-05-01 07:00:00+00:00
Finance,2006,6,299,3.1,2006-06-01 07:00:00+00:00
Finance,2006,7,329,3.4,2006-07-01 07:00:00+00:00
Finance,2006,8,263,2.7,2006-08-01 07:00:00+00:00
Finance,2006,9,235,2.4,2006-09-01 07:00:00+00:00
Finance,2006,10,211,2.1,2006-10-01 07:00:00+00:00
Finance,2006,11,229,2.3,2006-11-01 08:00:00+00:00
Finance,2006,12,227,2.3,2006-12-01 08:00:00+00:00
Finance,2007,1,233,2.4,2007-01-01 08:00:00+00:00
Finance,2007,2,295,3.1,2007-02-01 08:00:00+00:00
Finance,2007,3,252,2.6,2007-03-01 08:00:00+00:00
Finance,2007,4,231,2.4,2007-04-01 07:00:00+00:00
Finance,2007,5,281,2.9,2007-05-01 07:00:00+00:00
Finance,2007,6,303,3.1,2007-06-01 07:00:00+00:00
Finance,2007,7,307,3.1,2007-07-01 07:00:00+00:00
Finance,2007,8,371,3.7,2007-08-01 07:00:00+00:00
Finance,2007,9,316,3.3,2007-09-01 07:00:00+00:00
Finance,2007,10,307,3.2,2007-10-01 07:00:00+00:00
Finance,2007,11,261,2.7,2007-11-01 07:00:00+00:00
Finance,2007,12,315,3.2,2007-12-01 08:00:00+00:00
Finance,2008,1,285,3.0,2008-01-01 08:00:00+00:00
Finance,2008,2,323,3.4,2008-02-01 08:00:00+00:00
Finance,2008,3,323,3.4,2008-03-01 08:00:00+00:00
Finance,2008,4,324,3.4,2008-04-01 07:00:00+00:00
Finance,2008,5,361,3.7,2008-05-01 07:00:00+00:00
Finance,2008,6,337,3.4,2008-06-01 07:00:00+00:00
Finance,2008,7,350,3.6,2008-07-01 07:00:00+00:00
Finance,2008,8,409,4.2,2008-08-01 07:00:00+00:00
Finance,2008,9,380,4.0,2008-09-01 07:00:00+00:00
Finance,2008,10,434,4.5,2008-10-01 07:00:00+00:00
Finance,2008,11,494,5.2,2008-11-01 07:00:00+00:00
Finance,2008,12,540,5.6,2008-12-01 08:00:00+00:00
Finance,2009,1,571,6.0,2009-01-01 08:00:00+00:00
Finance,2009,2,637,6.7,2009-02-01 08:00:00+00:00
Finance,2009,3,639,6.8,2009-03-01 08:00:00+00:00
Finance,2009,4,561,6.0,2009-04-01 07:00:00+00:00
Finance,2009,5,536,5.7,2009-05-01 07:00:00+00:00
Finance,2009,6,513,5.5,2009-06-01 07:00:00+00:00
Finance,2009,7,570,6.1,2009-07-01 07:00:00+00:00
Finance,2009,8,566,6.0,2009-08-01 07:00:00+00:00
Finance,2009,9,657,7.1,2009-09-01 07:00:00+00:00
Finance,2009,10,646,7.0,2009-10-01 07:00:00+00:00
Finance,2009,11,619,6.7,2009-11-01 07:00:00+00:00
Finance,2009,12,665,7.2,2009-12-01 08:00:00+00:00
Finance,2010,1,623,6.6,2010-01-01 08:00:00+00:00
Finance,2010,2,708,7.5,2010-02-01 08:00:00+00:00
Business services,2000,1,655,5.7,2000-01-01 08:00:00+00:00
Business services,2000,2,587,5.2,2000-02-01 08:00:00+00:00
Business services,2000,3,623,5.4,2000-03-01 08:00:00+00:00
Business services,2000,4,517,4.5,2000-04-01 08:00:00+00:00
Business services,2000,5,561,4.7,2000-05-01 07:00:00+00:00
Business services,2000,6,545,4.4,2000-06-01 07:00:00+00:00
Business services,2000,7,636,5.1,2000-07-01 07:00:00+00:00
Business services,2000,8,584,4.8,2000-08-01 07:00:00+00:00
Business services,2000,9,559,4.6,2000-09-01 07:00:00+00:00
Business services,2000,10,504,4.1,2000-10-01 07:00:00+00:00
Business services,2000,11,547,4.4,2000-11-01 08:00:00+00:00
Business services,2000,12,564,4.5,2000-12-01 08:00:00+00:00
Business services,2001,1,734,5.8,2001-01-01 08:00:00+00:00
Business services,2001,2,724,5.9,2001-02-01 08:00:00+00:00
Business services,2001,3,652,5.3,2001-03-01 08:00:00+00:00
Business services,2001,4,655,5.3,2001-04-01 08:00:00+00:00
Business services,2001,5,652,5.3,2001-05-01 07:00:00+00:00
Business services,2001,6,694,5.4,2001-06-01 07:00:00+00:00
Business services,2001,7,731,5.7,2001-07-01 07:00:00+00:00
Business services,2001,8,790,6.2,2001-08-01 07:00:00+00:00
Business services,2001,9,810,6.4,2001-09-01 07:00:00+00:00
Business services,2001,10,910,7.2,2001-10-01 07:00:00+00:00
Business services,2001,11,946,7.6,2001-11-01 08:00:00+00:00
Business services,2001,12,921,7.4,2001-12-01 08:00:00+00:00
Business services,2002,1,1120,8.9,2002-01-01 08:00:00+00:00
Business services,2002,2,973,7.7,2002-02-01 08:00:00+00:00
Business services,2002,3,964,7.5,2002-03-01 08:00:00+00:00
Business services,2002,4,951,7.3,2002-04-01 08:00:00+00:00
Business services,2002,5,983,7.7,2002-05-01 07:00:00+00:00
Business services,2002,6,1079,8.2,2002-06-01 07:00:00+00:00
Business services,2002,7,1075,8.2,2002-07-01 07:00:00+00:00
Business services,2002,8,926,7.2,2002-08-01 07:00:00+00:00
Business services,2002,9,1007,7.8,2002-09-01 07:00:00+00:00
Business services,2002,10,962,7.5,2002-10-01 07:00:00+00:00
Business services,2002,11,1029,8.2,2002-11-01 08:00:00+00:00
Business services,2002,12,1038,8.3,2002-12-01 08:00:00+00:00
Business services,2003,1,1112,8.9,2003-01-01 08:00:00+00:00
Business services,2003,2,1140,8.9,2003-02-01 08:00:00+00:00
Business services,2003,3,1190,9.1,2003-03-01 08:00:00+00:00
Business services,2003,4,1076,8.3,2003-04-01 08:00:00+00:00
Business services,2003,5,1105,8.4,2003-05-01 07:00:00+00:00
Business services,2003,6,1092,8.5,2003-06-01 07:00:00+00:00
Business services,2003,7,1021,8.2,2003-07-01 07:00:00+00:00
Business services,2003,8,881,7.2,2003-08-01 07:00:00+00:00
Business services,2003,9,975,8.0,2003-09-01 07:00:00+00:00
Business services,2003,10,1014,8.1,2003-10-01 07:00:00+00:00
Business services,2003,11,948,7.7,2003-11-01 08:00:00+00:00
Business services,2003,12,948,7.6,2003-12-01 08:00:00+00:00
Business services,2004,1,1070,8.7,2004-01-01 08:00:00+00:00
Business services,2004,2,964,7.7,2004-02-01 08:00:00+00:00
Business services,2004,3,999,7.9,2004-03-01 08:00:00+00:00
Business services,2004,4,752,6.0,2004-04-01 08:00:00+00:00
Business services,2004,5,819,6.5,2004-05-01 07:00:00+00:00
Business services,2004,6,814,6.5,2004-06-01 07:00:00+00:00
Business services,2004,7,790,6.2,2004-07-01 07:00:00+00:00
Business services,2004,8,845,6.7,2004-08-01 07:00:00+00:00
Business services,2004,9,750,5.9,2004-09-01 07:00:00+00:00
Business services,2004,10,781,6.2,2004-10-01 07:00:00+00:00
Business services,2004,11,872,6.8,2004-11-01 08:00:00+00:00
Business services,2004,12,875,6.9,2004-12-01 08:00:00+00:00
Business services,2005,1,958,7.6,2005-01-01 08:00:00+00:00
Business services,2005,2,916,7.2,2005-02-01 08:00:00+00:00
Business services,2005,3,807,6.5,2005-03-01 08:00:00+00:00
Business services,2005,4,714,5.7,2005-04-01 08:00:00+00:00
Business services,2005,5,730,5.9,2005-05-01 07:00:00+00:00
Business services,2005,6,743,5.8,2005-06-01 07:00:00+00:00
Business services,2005,7,804,6.3,2005-07-01 07:00:00+00:00
Business services,2005,8,728,5.7,2005-08-01 07:00:00+00:00
Business services,2005,9,862,6.7,2005-09-01 07:00:00+00:00
Business services,2005,10,748,5.8,2005-10-01 07:00:00+00:00
Business services,2005,11,711,5.5,2005-11-01 08:00:00+00:00
Business services,2005,12,788,6.1,2005-12-01 08:00:00+00:00
Business services,2006,1,825,6.5,2006-01-01 08:00:00+00:00
Business services,2006,2,841,6.5,2006-02-01 08:00:00+00:00
Business services,2006,3,824,6.3,2006-03-01 08:00:00+00:00
Business services,2006,4,644,4.9,2006-04-01 08:00:00+00:00
Business services,2006,5,695,5.3,2006-05-01 07:00:00+00:00
Business services,2006,6,753,5.7,2006-06-01 07:00:00+00:00
Business services,2006,7,735,5.5,2006-07-01 07:00:00+00:00
Business services,2006,8,681,5.1,2006-08-01 07:00:00+00:00
Business services,2006,9,736,5.6,2006-09-01 07:00:00+00:00
Business services,2006,10,768,5.6,2006-10-01 07:00:00+00:00
Business services,2006,11,658,4.9,2006-11-01 08:00:00+00:00
Business services,2006,12,791,5.9,2006-12-01 08:00:00+00:00
Business services,2007,1,885,6.5,2007-01-01 08:00:00+00:00
Business services,2007,2,825,6.0,2007-02-01 08:00:00+00:00
Business services,2007,3,775,5.7,2007-03-01 08:00:00+00:00
Business services,2007,4,689,5.0,2007-04-01 07:00:00+00:00
Business services,2007,5,743,5.4,2007-05-01 07:00:00+00:00
Business services,2007,6,722,5.2,2007-06-01 07:00:00+00:00
Business services,2007,7,743,5.2,2007-07-01 07:00:00+00:00
Business services,2007,8,683,4.9,2007-08-01 07:00:00+00:00
Business services,2007,9,655,4.7,2007-09-01 07:00:00+00:00
Business services,2007,10,675,4.8,2007-10-01 07:00:00+00:00
Business services,2007,11,679,4.8,2007-11-01 07:00:00+00:00
Business services,2007,12,803,5.7,2007-12-01 08:00:00+00:00
Business services,2008,1,893,6.4,2008-01-01 08:00:00+00:00
Business services,2008,2,866,6.2,2008-02-01 08:00:00+00:00
Business services,2008,3,876,6.2,2008-03-01 08:00:00+00:00
Business services,2008,4,736,5.3,2008-04-01 07:00:00+00:00
Business services,2008,5,829,5.9,2008-05-01 07:00:00+00:00
Business services,2008,6,890,6.2,2008-06-01 07:00:00+00:00
Business services,2008,7,866,6.1,2008-07-01 07:00:00+00:00
Business services,2008,8,961,6.9,2008-08-01 07:00:00+00:00
Business services,2008,9,951,6.9,2008-09-01 07:00:00+00:00
Business services,2008,10,1052,7.5,2008-10-01 07:00:00+00:00
Business services,2008,11,992,7.0,2008-11-01 07:00:00+00:00
Business services,2008,12,1147,8.1,2008-12-01 08:00:00+00:00
Business services,2009,1,1445,10.4,2009-01-01 08:00:00+00:00
Business services,2009,2,1512,10.8,2009-02-01 08:00:00+00:00
Business services,2009,3,1597,11.4,2009-03-01 08:00:00+00:00
Business services,2009,4,1448,10.4,2009-04-01 07:00:00+00:00
Business services,2009,5,1514,10.9,2009-05-01 07:00:00+00:00
Business services,2009,6,1580,11.3,2009-06-01 07:00:00+00:00
Business services,2009,7,1531,10.9,2009-07-01 07:00:00+00:00
Business services,2009,8,1560,11.0,2009-08-01 07:00:00+00:00
Business services,2009,9,1596,11.3,2009-09-01 07:00:00+00:00
Business services,2009,10,1488,10.3,2009-10-01 07:00:00+00:00
Business services,2009,11,1514,10.6,2009-11-01 07:00:00+00:00
Business services,2009,12,1486,10.3,2009-12-01 08:00:00+00:00
Business services,2010,1,1614,11.1,2010-01-01 08:00:00+00:00
Business services,2010,2,1740,12.0,2010-02-01 08:00:00+00:00
Education and Health,2000,1,353,2.3,2000-01-01 08:00:00+00:00
Education and Health,2000,2,349,2.2,2000-02-01 08:00:00+00:00
Education and Health,2000,3,381,2.5,2000-03-01 08:00:00+00:00
Education and Health,2000,4,329,2.1,2000-04-01 08:00:00+00:00
Education and Health,2000,5,423,2.7,2000-05-01 07:00:00+00:00
Education and Health,2000,6,452,2.9,2000-06-01 07:00:00+00:00
Education and Health,2000,7,478,3.1,2000-07-01 07:00:00+00:00
Education and Health,2000,8,450,2.9,2000-08-01 07:00:00+00:00
Education and Health,2000,9,398,2.6,2000-09-01 07:00:00+00:00
Education and Health,2000,10,339,2.1,2000-10-01 07:00:00+00:00
Education and Health,2000,11,351,2.2,2000-11-01 08:00:00+00:00
Education and Health,2000,12,293,1.8,2000-12-01 08:00:00+00:00
Education and Health,2001,1,428,2.6,2001-01-01 08:00:00+00:00
Education and Health,2001,2,423,2.6,2001-02-01 08:00:00+00:00
Education and Health,2001,3,456,2.8,2001-03-01 08:00:00+00:00
Education and Health,2001,4,341,2.1,2001-04-01 08:00:00+00:00
Education and Health,2001,5,390,2.4,2001-05-01 07:00:00+00:00
Education and Health,2001,6,476,3.0,2001-06-01 07:00:00+00:00
Education and Health,2001,7,513,3.1,2001-07-01 07:00:00+00:00
Education and Health,2001,8,595,3.7,2001-08-01 07:00:00+00:00
Education and Health,2001,9,455,2.8,2001-09-01 07:00:00+00:00
Education and Health,2001,10,486,2.9,2001-10-01 07:00:00+00:00
Education and Health,2001,11,516,3.1,2001-11-01 08:00:00+00:00
Education and Health,2001,12,483,2.9,2001-12-01 08:00:00+00:00
Education and Health,2002,1,586,3.5,2002-01-01 08:00:00+00:00
Education and Health,2002,2,590,3.5,2002-02-01 08:00:00+00:00
Education and Health,2002,3,540,3.2,2002-03-01 08:00:00+00:00
Education and Health,2002,4,493,2.9,2002-04-01 08:00:00+00:00
Education and Health,2002,5,533,3.2,2002-05-01 07:00:00+00:00
Education and Health,2002,6,638,3.9,2002-06-01 07:00:00+00:00
Education and Health,2002,7,671,4.0,2002-07-01 07:00:00+00:00
Education and Health,2002,8,660,3.9,2002-08-01 07:00:00+00:00
Education and Health,2002,9,562,3.2,2002-09-01 07:00:00+00:00
Education and Health,2002,10,517,3.0,2002-10-01 07:00:00+00:00
Education and Health,2002,11,493,2.8,2002-11-01 08:00:00+00:00
Education and Health,2002,12,558,3.2,2002-12-01 08:00:00+00:00
Education and Health,2003,1,559,3.2,2003-01-01 08:00:00+00:00
Education and Health,2003,2,576,3.2,2003-02-01 08:00:00+00:00
Education and Health,2003,3,518,2.9,2003-03-01 08:00:00+00:00
Education and Health,2003,4,611,3.4,2003-04-01 08:00:00+00:00
Education and Health,2003,5,618,3.5,2003-05-01 07:00:00+00:00
Education and Health,2003,6,769,4.4,2003-06-01 07:00:00+00:00
Education and Health,2003,7,697,4.0,2003-07-01 07:00:00+00:00
Education and Health,2003,8,760,4.3,2003-08-01 07:00:00+00:00
Education and Health,2003,9,649,3.7,2003-09-01 07:00:00+00:00
Education and Health,2003,10,639,3.6,2003-10-01 07:00:00+00:00
Education and Health,2003,11,662,3.8,2003-11-01 08:00:00+00:00
Education and Health,2003,12,620,3.5,2003-12-01 08:00:00+00:00
Education and Health,2004,1,662,3.7,2004-01-01 08:00:00+00:00
Education and Health,2004,2,608,3.4,2004-02-01 08:00:00+00:00
Education and Health,2004,3,584,3.2,2004-03-01 08:00:00+00:00
Education and Health,2004,4,589,3.3,2004-04-01 08:00:00+00:00
Education and Health,2004,5,570,3.2,2004-05-01 07:00:00+00:00
Education and Health,2004,6,769,4.2,2004-06-01 07:00:00+00:00
Education and Health,2004,7,725,4.0,2004-07-01 07:00:00+00:00
Education and Health,2004,8,647,3.7,2004-08-01 07:00:00+00:00
Education and Health,2004,9,593,3.3,2004-09-01 07:00:00+00:00
Education and Health,2004,10,526,2.9,2004-10-01 07:00:00+00:00
Education and Health,2004,11,570,3.2,2004-11-01 08:00:00+00:00
Education and Health,2004,12,562,3.1,2004-12-01 08:00:00+00:00
Education and Health,2005,1,613,3.4,2005-01-01 08:00:00+00:00
Education and Health,2005,2,619,3.4,2005-02-01 08:00:00+00:00
Education and Health,2005,3,614,3.4,2005-03-01 08:00:00+00:00
Education and Health,2005,4,591,3.3,2005-04-01 08:00:00+00:00
Education and Health,2005,5,648,3.6,2005-05-01 07:00:00+00:00
Education and Health,2005,6,667,3.6,2005-06-01 07:00:00+00:00
Education and Health,2005,7,635,3.5,2005-07-01 07:00:00+00:00
Education and Health,2005,8,644,3.5,2005-08-01 07:00:00+00:00
Education and Health,2005,9,658,3.5,2005-09-01 07:00:00+00:00
Education and Health,2005,10,628,3.4,2005-10-01 07:00:00+00:00
Education and Health,2005,11,677,3.6,2005-11-01 08:00:00+00:00
Education and Health,2005,12,529,2.8,2005-12-01 08:00:00+00:00
Education and Health,2006,1,593,3.2,2006-01-01 08:00:00+00:00
Education and Health,2006,2,528,2.8,2006-02-01 08:00:00+00:00
Education and Health,2006,3,563,3.0,2006-03-01 08:00:00+00:00
Education and Health,2006,4,558,3.0,2006-04-01 08:00:00+00:00
Education and Health,2006,5,543,2.9,2006-05-01 07:00:00+00:00
Education and Health,2006,6,617,3.3,2006-06-01 07:00:00+00:00
Education and Health,2006,7,659,3.5,2006-07-01 07:00:00+00:00
Education and Health,2006,8,611,3.2,2006-08-01 07:00:00+00:00
Education and Health,2006,9,576,3.0,2006-09-01 07:00:00+00:00
Education and Health,2006,10,531,2.8,2006-10-01 07:00:00+00:00
Education and Health,2006,11,536,2.8,2006-11-01 08:00:00+00:00
Education and Health,2006,12,502,2.6,2006-12-01 08:00:00+00:00
Education and Health,2007,1,563,2.9,2007-01-01 08:00:00+00:00
Education and Health,2007,2,489,2.5,2007-02-01 08:00:00+00:00
Education and Health,2007,3,495,2.5,2007-03-01 08:00:00+00:00
Education and Health,2007,4,555,2.9,2007-04-01 07:00:00+00:00
Education and Health,2007,5,622,3.3,2007-05-01 07:00:00+00:00
Education and Health,2007,6,653,3.4,2007-06-01 07:00:00+00:00
Education and Health,2007,7,665,3.5,2007-07-01 07:00:00+00:00
Education and Health,2007,8,648,3.4,2007-08-01 07:00:00+00:00
Education and Health,2007,9,630,3.2,2007-09-01 07:00:00+00:00
Education and Health,2007,10,534,2.7,2007-10-01 07:00:00+00:00
Education and Health,2007,11,526,2.7,2007-11-01 07:00:00+00:00
Education and Health,2007,12,521,2.6,2007-12-01 08:00:00+00:00
Education and Health,2008,1,576,2.9,2008-01-01 08:00:00+00:00
Education and Health,2008,2,562,2.9,2008-02-01 08:00:00+00:00
Education and Health,2008,3,609,3.1,2008-03-01 08:00:00+00:00
Education and Health,2008,4,551,2.8,2008-04-01 07:00:00+00:00
Education and Health,2008,5,619,3.2,2008-05-01 07:00:00+00:00
Education and Health,2008,6,669,3.4,2008-06-01 07:00:00+00:00
Education and Health,2008,7,776,3.9,2008-07-01 07:00:00+00:00
Education and Health,2008,8,844,4.3,2008-08-01 07:00:00+00:00
Education and Health,2008,9,835,4.1,2008-09-01 07:00:00+00:00
Education and Health,2008,10,797,3.9,2008-10-01 07:00:00+00:00
Education and Health,2008,11,748,3.6,2008-11-01 07:00:00+00:00
Education and Health,2008,12,791,3.8,2008-12-01 08:00:00+00:00
Education and Health,2009,1,792,3.8,2009-01-01 08:00:00+00:00
Education and Health,2009,2,847,4.1,2009-02-01 08:00:00+00:00
Education and Health,2009,3,931,4.5,2009-03-01 08:00:00+00:00
Education and Health,2009,4,964,4.6,2009-04-01 07:00:00+00:00
Education and Health,2009,5,1005,4.9,2009-05-01 07:00:00+00:00
Education and Health,2009,6,1267,6.1,2009-06-01 07:00:00+00:00
Education and Health,2009,7,1269,6.1,2009-07-01 07:00:00+00:00
Education and Health,2009,8,1239,6.0,2009-08-01 07:00:00+00:00
Education and Health,2009,9,1257,6.0,2009-09-01 07:00:00+00:00
Education and Health,2009,10,1280,6.0,2009-10-01 07:00:00+00:00
Education and Health,2009,11,1168,5.5,2009-11-01 07:00:00+00:00
Education and Health,2009,12,1183,5.6,2009-12-01 08:00:00+00:00
Education and Health,2010,1,1175,5.5,2010-01-01 08:00:00+00:00
Education and Health,2010,2,1200,5.6,2010-02-01 08:00:00+00:00
Leisure and hospitality,2000,1,782,7.5,2000-01-01 08:00:00+00:00
Leisure and hospitality,2000,2,779,7.5,2000-02-01 08:00:00+00:00
Leisure and hospitality,2000,3,789,7.4,2000-03-01 08:00:00+00:00
Leisure and hospitality,2000,4,658,6.1,2000-04-01 08:00:00+00:00
Leisure and hospitality,2000,5,675,6.2,2000-05-01 07:00:00+00:00
Leisure and hospitality,2000,6,833,7.3,2000-06-01 07:00:00+00:00
Leisure and hospitality,2000,7,786,6.8,2000-07-01 07:00:00+00:00
Leisure and hospitality,2000,8,675,6.0,2000-08-01 07:00:00+00:00
Leisure and hospitality,2000,9,636,5.9,2000-09-01 07:00:00+00:00
Leisure and hospitality,2000,10,691,6.5,2000-10-01 07:00:00+00:00
Leisure and hospitality,2000,11,694,6.5,2000-11-01 08:00:00+00:00
Leisure and hospitality,2000,12,639,5.9,2000-12-01 08:00:00+00:00
Leisure and hospitality,2001,1,806,7.7,2001-01-01 08:00:00+00:00
Leisure and hospitality,2001,2,821,7.5,2001-02-01 08:00:00+00:00
Leisure and hospitality,2001,3,817,7.4,2001-03-01 08:00:00+00:00
Leisure and hospitality,2001,4,744,6.8,2001-04-01 08:00:00+00:00
Leisure and hospitality,2001,5,731,6.7,2001-05-01 07:00:00+00:00
Leisure and hospitality,2001,6,821,7.0,2001-06-01 07:00:00+00:00
Leisure and hospitality,2001,7,813,6.8,2001-07-01 07:00:00+00:00
Leisure and hospitality,2001,8,767,6.8,2001-08-01 07:00:00+00:00
Leisure and hospitality,2001,9,900,8.0,2001-09-01 07:00:00+00:00
Leisure and hospitality,2001,10,903,8.3,2001-10-01 07:00:00+00:00
Leisure and hospitality,2001,11,935,8.5,2001-11-01 08:00:00+00:00
Leisure and hospitality,2001,12,938,8.5,2001-12-01 08:00:00+00:00
Leisure and hospitality,2002,1,947,8.6,2002-01-01 08:00:00+00:00
Leisure and hospitality,2002,2,973,8.7,2002-02-01 08:00:00+00:00
Leisure and hospitality,2002,3,976,8.5,2002-03-01 08:00:00+00:00
Leisure and hospitality,2002,4,953,8.4,2002-04-01 08:00:00+00:00
Leisure and hospitality,2002,5,1022,8.6,2002-05-01 07:00:00+00:00
Leisure and hospitality,2002,6,1034,8.5,2002-06-01 07:00:00+00:00
Leisure and hospitality,2002,7,999,8.2,2002-07-01 07:00:00+00:00
Leisure and hospitality,2002,8,884,7.5,2002-08-01 07:00:00+00:00
Leisure and hospitality,2002,9,885,7.9,2002-09-01 07:00:00+00:00
Leisure and hospitality,2002,10,956,8.5,2002-10-01 07:00:00+00:00
Leisure and hospitality,2002,11,978,8.9,2002-11-01 08:00:00+00:00
Leisure and hospitality,2002,12,922,8.2,2002-12-01 08:00:00+00:00
Leisure and hospitality,2003,1,1049,9.3,2003-01-01 08:00:00+00:00
Leisure and hospitality,2003,2,1145,10.0,2003-02-01 08:00:00+00:00
Leisure and hospitality,2003,3,1035,8.9,2003-03-01 08:00:00+00:00
Leisure and hospitality,2003,4,986,8.5,2003-04-01 08:00:00+00:00
Leisure and hospitality,2003,5,955,7.9,2003-05-01 07:00:00+00:00
Leisure and hospitality,2003,6,1048,8.6,2003-06-01 07:00:00+00:00
Leisure and hospitality,2003,7,1020,8.4,2003-07-01 07:00:00+00:00
Leisure and hospitality,2003,8,1050,9.0,2003-08-01 07:00:00+00:00
Leisure and hospitality,2003,9,978,8.8,2003-09-01 07:00:00+00:00
Leisure and hospitality,2003,10,933,8.3,2003-10-01 07:00:00+00:00
Leisure and hospitality,2003,11,990,9.0,2003-11-01 08:00:00+00:00
Leisure and hospitality,2003,12,885,8.2,2003-12-01 08:00:00+00:00
Leisure and hospitality,2004,1,1097,10.0,2004-01-01 08:00:00+00:00
Leisure and hospitality,2004,2,987,8.9,2004-02-01 08:00:00+00:00
Leisure and hospitality,2004,3,1039,9.0,2004-03-01 08:00:00+00:00
Leisure and hospitality,2004,4,925,7.9,2004-04-01 08:00:00+00:00
Leisure and hospitality,2004,5,977,8.1,2004-05-01 07:00:00+00:00
Leisure and hospitality,2004,6,1189,9.6,2004-06-01 07:00:00+00:00
Leisure and hospitality,2004,7,965,7.8,2004-07-01 07:00:00+00:00
Leisure and hospitality,2004,8,1010,8.4,2004-08-01 07:00:00+00:00
Leisure and hospitality,2004,9,854,7.5,2004-09-01 07:00:00+00:00
Leisure and hospitality,2004,10,853,7.3,2004-10-01 07:00:00+00:00
Leisure and hospitality,2004,11,916,7.9,2004-11-01 08:00:00+00:00
Leisure and hospitality,2004,12,850,7.4,2004-12-01 08:00:00+00:00
Leisure and hospitality,2005,1,993,8.7,2005-01-01 08:00:00+00:00
Leisure and hospitality,2005,2,1008,8.8,2005-02-01 08:00:00+00:00
Leisure and hospitality,2005,3,967,8.3,2005-03-01 08:00:00+00:00
Leisure and hospitality,2005,4,882,7.7,2005-04-01 08:00:00+00:00
Leisure and hospitality,2005,5,944,7.7,2005-05-01 07:00:00+00:00
Leisure and hospitality,2005,6,950,7.6,2005-06-01 07:00:00+00:00
Leisure and hospitality,2005,7,929,7.4,2005-07-01 07:00:00+00:00
Leisure and hospitality,2005,8,844,6.8,2005-08-01 07:00:00+00:00
Leisure and hospitality,2005,9,842,7.3,2005-09-01 07:00:00+00:00
Leisure and hospitality,2005,10,796,6.8,2005-10-01 07:00:00+00:00
Leisure and hospitality,2005,11,966,8.1,2005-11-01 08:00:00+00:00
Leisure and hospitality,2005,12,930,7.9,2005-12-01 08:00:00+00:00
Leisure and hospitality,2006,1,910,8.1,2006-01-01 08:00:00+00:00
Leisure and hospitality,2006,2,1040,9.1,2006-02-01 08:00:00+00:00
Leisure and hospitality,2006,3,917,8.0,2006-03-01 08:00:00+00:00
Leisure and hospitality,2006,4,882,7.6,2006-04-01 08:00:00+00:00
Leisure and hospitality,2006,5,830,7.0,2006-05-01 07:00:00+00:00
Leisure and hospitality,2006,6,942,7.4,2006-06-01 07:00:00+00:00
Leisure and hospitality,2006,7,867,6.8,2006-07-01 07:00:00+00:00
Leisure and hospitality,2006,8,855,6.9,2006-08-01 07:00:00+00:00
Leisure and hospitality,2006,9,810,6.9,2006-09-01 07:00:00+00:00
Leisure and hospitality,2006,10,795,6.6,2006-10-01 07:00:00+00:00
Leisure and hospitality,2006,11,836,7.1,2006-11-01 08:00:00+00:00
Leisure and hospitality,2006,12,701,5.9,2006-12-01 08:00:00+00:00
Leisure and hospitality,2007,1,911,7.8,2007-01-01 08:00:00+00:00
Leisure and hospitality,2007,2,879,7.4,2007-02-01 08:00:00+00:00
Leisure and hospitality,2007,3,845,7.0,2007-03-01 08:00:00+00:00
Leisure and hospitality,2007,4,822,6.9,2007-04-01 07:00:00+00:00
Leisure and hospitality,2007,5,831,6.8,2007-05-01 07:00:00+00:00
Leisure and hospitality,2007,6,917,7.2,2007-06-01 07:00:00+00:00
Leisure and hospitality,2007,7,920,7.3,2007-07-01 07:00:00+00:00
Leisure and hospitality,2007,8,877,7.1,2007-08-01 07:00:00+00:00
Leisure and hospitality,2007,9,892,7.4,2007-09-01 07:00:00+00:00
Leisure and hospitality,2007,10,911,7.5,2007-10-01 07:00:00+00:00
Leisure and hospitality,2007,11,986,8.1,2007-11-01 07:00:00+00:00
Leisure and hospitality,2007,12,961,7.9,2007-12-01 08:00:00+00:00
Leisure and hospitality,2008,1,1176,9.4,2008-01-01 08:00:00+00:00
Leisure and hospitality,2008,2,1056,8.5,2008-02-01 08:00:00+00:00
Leisure and hospitality,2008,3,944,7.6,2008-03-01 08:00:00+00:00
Leisure and hospitality,2008,4,874,6.9,2008-04-01 07:00:00+00:00
Leisure and hospitality,2008,5,1074,8.4,2008-05-01 07:00:00+00:00
Leisure and hospitality,2008,6,1154,8.9,2008-06-01 07:00:00+00:00
Leisure and hospitality,2008,7,1172,8.8,2008-07-01 07:00:00+00:00
Leisure and hospitality,2008,8,1122,8.7,2008-08-01 07:00:00+00:00
Leisure and hospitality,2008,9,1029,8.2,2008-09-01 07:00:00+00:00
Leisure and hospitality,2008,10,1126,8.9,2008-10-01 07:00:00+00:00
Leisure and hospitality,2008,11,1283,9.9,2008-11-01 07:00:00+00:00
Leisure and hospitality,2008,12,1210,9.5,2008-12-01 08:00:00+00:00
Leisure and hospitality,2009,1,1487,11.5,2009-01-01 08:00:00+00:00
Leisure and hospitality,2009,2,1477,11.4,2009-02-01 08:00:00+00:00
Leisure and hospitality,2009,3,1484,11.6,2009-03-01 08:00:00+00:00
Leisure and hospitality,2009,4,1322,10.2,2009-04-01 07:00:00+00:00
Leisure and hospitality,2009,5,1599,11.9,2009-05-01 07:00:00+00:00
Leisure and hospitality,2009,6,1688,12.1,2009-06-01 07:00:00+00:00
Leisure and hospitality,2009,7,1600,11.2,2009-07-01 07:00:00+00:00
Leisure and hospitality,2009,8,1636,12.0,2009-08-01 07:00:00+00:00
Leisure and hospitality,2009,9,1469,11.4,2009-09-01 07:00:00+00:00
Leisure and hospitality,2009,10,1604,12.4,2009-10-01 07:00:00+00:00
Leisure and hospitality,2009,11,1524,11.9,2009-11-01 07:00:00+00:00
Leisure and hospitality,2009,12,1624,12.6,2009-12-01 08:00:00+00:00
Leisure and hospitality,2010,1,1804,14.2,2010-01-01 08:00:00+00:00
Leisure and hospitality,2010,2,1597,12.7,2010-02-01 08:00:00+00:00
Other,2000,1,274,4.9,2000-01-01 08:00:00+00:00
Other,2000,2,232,4.1,2000-02-01 08:00:00+00:00
Other,2000,3,247,4.3,2000-03-01 08:00:00+00:00
Other,2000,4,240,4.2,2000-04-01 08:00:00+00:00
Other,2000,5,254,4.5,2000-05-01 07:00:00+00:00
Other,2000,6,225,3.9,2000-06-01 07:00:00+00:00
Other,2000,7,202,3.7,2000-07-01 07:00:00+00:00
Other,2000,8,187,3.5,2000-08-01 07:00:00+00:00
Other,2000,9,220,4.0,2000-09-01 07:00:00+00:00
Other,2000,10,161,2.9,2000-10-01 07:00:00+00:00
Other,2000,11,217,3.8,2000-11-01 08:00:00+00:00
Other,2000,12,167,2.9,2000-12-01 08:00:00+00:00
Other,2001,1,197,3.4,2001-01-01 08:00:00+00:00
Other,2001,2,243,4.2,2001-02-01 08:00:00+00:00
Other,2001,3,200,3.4,2001-03-01 08:00:00+00:00
Other,2001,4,220,3.8,2001-04-01 08:00:00+00:00
Other,2001,5,172,3.2,2001-05-01 07:00:00+00:00
Other,2001,6,246,4.6,2001-06-01 07:00:00+00:00
Other,2001,7,228,4.1,2001-07-01 07:00:00+00:00
Other,2001,8,241,4.5,2001-08-01 07:00:00+00:00
Other,2001,9,225,4.0,2001-09-01 07:00:00+00:00
Other,2001,10,239,4.1,2001-10-01 07:00:00+00:00
Other,2001,11,256,4.2,2001-11-01 08:00:00+00:00
Other,2001,12,277,4.5,2001-12-01 08:00:00+00:00
Other,2002,1,304,5.1,2002-01-01 08:00:00+00:00
Other,2002,2,339,5.6,2002-02-01 08:00:00+00:00
Other,2002,3,314,5.5,2002-03-01 08:00:00+00:00
Other,2002,4,268,4.6,2002-04-01 08:00:00+00:00
Other,2002,5,264,4.6,2002-05-01 07:00:00+00:00
Other,2002,6,335,5.5,2002-06-01 07:00:00+00:00
Other,2002,7,356,5.8,2002-07-01 07:00:00+00:00
Other,2002,8,353,6.0,2002-08-01 07:00:00+00:00
Other,2002,9,281,4.8,2002-09-01 07:00:00+00:00
Other,2002,10,272,4.6,2002-10-01 07:00:00+00:00
Other,2002,11,284,4.9,2002-11-01 08:00:00+00:00
Other,2002,12,241,4.2,2002-12-01 08:00:00+00:00
Other,2003,1,304,5.3,2003-01-01 08:00:00+00:00
Other,2003,2,331,5.7,2003-02-01 08:00:00+00:00
Other,2003,3,370,6.1,2003-03-01 08:00:00+00:00
Other,2003,4,331,5.5,2003-04-01 08:00:00+00:00
Other,2003,5,339,5.7,2003-05-01 07:00:00+00:00
Other,2003,6,359,5.9,2003-06-01 07:00:00+00:00
Other,2003,7,405,6.6,2003-07-01 07:00:00+00:00
Other,2003,8,373,6.1,2003-08-01 07:00:00+00:00
Other,2003,9,338,5.5,2003-09-01 07:00:00+00:00
Other,2003,10,378,6.1,2003-10-01 07:00:00+00:00
Other,2003,11,357,5.8,2003-11-01 08:00:00+00:00
Other,2003,12,278,4.5,2003-12-01 08:00:00+00:00
Other,2004,1,322,5.3,2004-01-01 08:00:00+00:00
Other,2004,2,366,5.9,2004-02-01 08:00:00+00:00
Other,2004,3,366,5.9,2004-03-01 08:00:00+00:00
Other,2004,4,347,5.6,2004-04-01 08:00:00+00:00
Other,2004,5,310,5.1,2004-05-01 07:00:00+00:00
Other,2004,6,326,5.4,2004-06-01 07:00:00+00:00
Other,2004,7,346,5.6,2004-07-01 07:00:00+00:00
Other,2004,8,341,5.6,2004-08-01 07:00:00+00:00
Other,2004,9,301,4.9,2004-09-01 07:00:00+00:00
Other,2004,10,300,4.8,2004-10-01 07:00:00+00:00
Other,2004,11,294,4.8,2004-11-01 08:00:00+00:00
Other,2004,12,276,4.3,2004-12-01 08:00:00+00:00
Other,2005,1,290,4.7,2005-01-01 08:00:00+00:00
Other,2005,2,325,5.3,2005-02-01 08:00:00+00:00
Other,2005,3,308,5.0,2005-03-01 08:00:00+00:00
Other,2005,4,306,4.9,2005-04-01 08:00:00+00:00
Other,2005,5,314,5.0,2005-05-01 07:00:00+00:00
Other,2005,6,291,4.6,2005-06-01 07:00:00+00:00
Other,2005,7,274,4.2,2005-07-01 07:00:00+00:00
Other,2005,8,306,4.8,2005-08-01 07:00:00+00:00
Other,2005,9,307,4.9,2005-09-01 07:00:00+00:00
Other,2005,10,319,5.0,2005-10-01 07:00:00+00:00
Other,2005,11,300,4.9,2005-11-01 08:00:00+00:00
Other,2005,12,269,4.3,2005-12-01 08:00:00+00:00
Other,2006,1,308,4.9,2006-01-01 08:00:00+00:00
Other,2006,2,281,4.4,2006-02-01 08:00:00+00:00
Other,2006,3,292,4.6,2006-03-01 08:00:00+00:00
Other,2006,4,266,4.1,2006-04-01 08:00:00+00:00
Other,2006,5,265,4.2,2006-05-01 07:00:00+00:00
Other,2006,6,265,4.3,2006-06-01 07:00:00+00:00
Other,2006,7,305,4.7,2006-07-01 07:00:00+00:00
Other,2006,8,341,5.3,2006-08-01 07:00:00+00:00
Other,2006,9,310,5.0,2006-09-01 07:00:00+00:00
Other,2006,10,268,4.4,2006-10-01 07:00:00+00:00
Other,2006,11,306,5.0,2006-11-01 08:00:00+00:00
Other,2006,12,306,5.2,2006-12-01 08:00:00+00:00
Other,2007,1,275,4.7,2007-01-01 08:00:00+00:00
Other,2007,2,257,4.3,2007-02-01 08:00:00+00:00
Other,2007,3,222,3.7,2007-03-01 08:00:00+00:00
Other,2007,4,224,3.6,2007-04-01 07:00:00+00:00
Other,2007,5,242,3.9,2007-05-01 07:00:00+00:00
Other,2007,6,256,4.0,2007-06-01 07:00:00+00:00
Other,2007,7,243,3.8,2007-07-01 07:00:00+00:00
Other,2007,8,239,3.8,2007-08-01 07:00:00+00:00
Other,2007,9,257,4.2,2007-09-01 07:00:00+00:00
Other,2007,10,182,3.0,2007-10-01 07:00:00+00:00
Other,2007,11,255,4.1,2007-11-01 07:00:00+00:00
Other,2007,12,235,3.9,2007-12-01 08:00:00+00:00
Other,2008,1,264,4.4,2008-01-01 08:00:00+00:00
Other,2008,2,313,5.1,2008-02-01 08:00:00+00:00
Other,2008,3,283,4.6,2008-03-01 08:00:00+00:00
Other,2008,4,251,4.0,2008-04-01 07:00:00+00:00
Other,2008,5,275,4.4,2008-05-01 07:00:00+00:00
Other,2008,6,322,5.0,2008-06-01 07:00:00+00:00
Other,2008,7,352,5.2,2008-07-01 07:00:00+00:00
Other,2008,8,412,6.3,2008-08-01 07:00:00+00:00
Other,2008,9,374,5.8,2008-09-01 07:00:00+00:00
Other,2008,10,334,5.3,2008-10-01 07:00:00+00:00
Other,2008,11,434,7.0,2008-11-01 07:00:00+00:00
Other,2008,12,367,6.1,2008-12-01 08:00:00+00:00
Other,2009,1,431,7.1,2009-01-01 08:00:00+00:00
Other,2009,2,453,7.3,2009-02-01 08:00:00+00:00
Other,2009,3,377,6.0,2009-03-01 08:00:00+00:00
Other,2009,4,403,6.4,2009-04-01 07:00:00+00:00
Other,2009,5,476,7.5,2009-05-01 07:00:00+00:00
Other,2009,6,557,8.4,2009-06-01 07:00:00+00:00
Other,2009,7,490,7.4,2009-07-01 07:00:00+00:00
Other,2009,8,528,8.2,2009-08-01 07:00:00+00:00
Other,2009,9,462,7.1,2009-09-01 07:00:00+00:00
Other,2009,10,541,8.5,2009-10-01 07:00:00+00:00
Other,2009,11,491,8.0,2009-11-01 07:00:00+00:00
Other,2009,12,513,8.2,2009-12-01 08:00:00+00:00
Other,2010,1,609,10.0,2010-01-01 08:00:00+00:00
Other,2010,2,603,9.9,2010-02-01 08:00:00+00:00
Agriculture,2000,1,154,10.3,2000-01-01 08:00:00+00:00
Agriculture,2000,2,173,11.5,2000-02-01 08:00:00+00:00
Agriculture,2000,3,152,10.4,2000-03-01 08:00:00+00:00
Agriculture,2000,4,135,8.9,2000-04-01 08:00:00+00:00
Agriculture,2000,5,73,5.1,2000-05-01 07:00:00+00:00
Agriculture,2000,6,109,6.7,2000-06-01 07:00:00+00:00
Agriculture,2000,7,77,5.0,2000-07-01 07:00:00+00:00
Agriculture,2000,8,110,7.0,2000-08-01 07:00:00+00:00
Agriculture,2000,9,124,8.2,2000-09-01 07:00:00+00:00
Agriculture,2000,10,113,8.0,2000-10-01 07:00:00+00:00
Agriculture,2000,11,192,13.3,2000-11-01 08:00:00+00:00
Agriculture,2000,12,196,13.9,2000-12-01 08:00:00+00:00
Agriculture,2001,1,188,13.8,2001-01-01 08:00:00+00:00
Agriculture,2001,2,193,15.1,2001-02-01 08:00:00+00:00
Agriculture,2001,3,267,19.2,2001-03-01 08:00:00+00:00
Agriculture,2001,4,140,10.4,2001-04-01 08:00:00+00:00
Agriculture,2001,5,109,7.7,2001-05-01 07:00:00+00:00
Agriculture,2001,6,130,9.7,2001-06-01 07:00:00+00:00
Agriculture,2001,7,113,7.6,2001-07-01 07:00:00+00:00
Agriculture,2001,8,141,9.3,2001-08-01 07:00:00+00:00
Agriculture,2001,9,101,7.2,2001-09-01 07:00:00+00:00
Agriculture,2001,10,118,8.7,2001-10-01 07:00:00+00:00
Agriculture,2001,11,145,11.6,2001-11-01 08:00:00+00:00
Agriculture,2001,12,192,15.1,2001-12-01 08:00:00+00:00
Agriculture,2002,1,195,14.8,2002-01-01 08:00:00+00:00
Agriculture,2002,2,187,14.8,2002-02-01 08:00:00+00:00
Agriculture,2002,3,269,19.6,2002-03-01 08:00:00+00:00
Agriculture,2002,4,151,10.8,2002-04-01 08:00:00+00:00
Agriculture,2002,5,89,6.8,2002-05-01 07:00:00+00:00
Agriculture,2002,6,89,6.3,2002-06-01 07:00:00+00:00
Agriculture,2002,7,114,7.3,2002-07-01 07:00:00+00:00
Agriculture,2002,8,125,9.0,2002-08-01 07:00:00+00:00
Agriculture,2002,9,92,6.3,2002-09-01 07:00:00+00:00
Agriculture,2002,10,97,6.6,2002-10-01 07:00:00+00:00
Agriculture,2002,11,137,11.1,2002-11-01 08:00:00+00:00
Agriculture,2002,12,120,9.8,2002-12-01 08:00:00+00:00
Agriculture,2003,1,159,13.2,2003-01-01 08:00:00+00:00
Agriculture,2003,2,172,14.7,2003-02-01 08:00:00+00:00
Agriculture,2003,3,161,12.9,2003-03-01 08:00:00+00:00
Agriculture,2003,4,154,12.0,2003-04-01 08:00:00+00:00
Agriculture,2003,5,133,10.2,2003-05-01 07:00:00+00:00
Agriculture,2003,6,94,6.9,2003-06-01 07:00:00+00:00
Agriculture,2003,7,113,8.2,2003-07-01 07:00:00+00:00
Agriculture,2003,8,173,10.7,2003-08-01 07:00:00+00:00
Agriculture,2003,9,98,6.2,2003-09-01 07:00:00+00:00
Agriculture,2003,10,136,8.5,2003-10-01 07:00:00+00:00
Agriculture,2003,11,148,10.3,2003-11-01 08:00:00+00:00
Agriculture,2003,12,137,10.9,2003-12-01 08:00:00+00:00
Agriculture,2004,1,184,15.1,2004-01-01 08:00:00+00:00
Agriculture,2004,2,168,14.2,2004-02-01 08:00:00+00:00
Agriculture,2004,3,153,12.7,2004-03-01 08:00:00+00:00
Agriculture,2004,4,107,8.3,2004-04-01 08:00:00+00:00
Agriculture,2004,5,99,7.4,2004-05-01 07:00:00+00:00
Agriculture,2004,6,106,7.6,2004-06-01 07:00:00+00:00
Agriculture,2004,7,140,10.0,2004-07-01 07:00:00+00:00
Agriculture,2004,8,103,7.0,2004-08-01 07:00:00+00:00
Agriculture,2004,9,88,6.4,2004-09-01 07:00:00+00:00
Agriculture,2004,10,102,7.7,2004-10-01 07:00:00+00:00
Agriculture,2004,11,131,10.5,2004-11-01 08:00:00+00:00
Agriculture,2004,12,165,14.0,2004-12-01 08:00:00+00:00
Agriculture,2005,1,153,13.2,2005-01-01 08:00:00+00:00
Agriculture,2005,2,107,9.9,2005-02-01 08:00:00+00:00
Agriculture,2005,3,139,11.8,2005-03-01 08:00:00+00:00
Agriculture,2005,4,84,6.9,2005-04-01 08:00:00+00:00
Agriculture,2005,5,66,5.3,2005-05-01 07:00:00+00:00
Agriculture,2005,6,76,5.2,2005-06-01 07:00:00+00:00
Agriculture,2005,7,69,4.7,2005-07-01 07:00:00+00:00
Agriculture,2005,8,100,7.1,2005-08-01 07:00:00+00:00
Agriculture,2005,9,127,9.5,2005-09-01 07:00:00+00:00
Agriculture,2005,10,85,6.7,2005-10-01 07:00:00+00:00
Agriculture,2005,11,118,9.6,2005-11-01 08:00:00+00:00
Agriculture,2005,12,127,11.1,2005-12-01 08:00:00+00:00
Agriculture,2006,1,140,11.5,2006-01-01 08:00:00+00:00
Agriculture,2006,2,139,11.8,2006-02-01 08:00:00+00:00
Agriculture,2006,3,117,9.8,2006-03-01 08:00:00+00:00
Agriculture,2006,4,81,6.2,2006-04-01 08:00:00+00:00
Agriculture,2006,5,79,6.0,2006-05-01 07:00:00+00:00
Agriculture,2006,6,35,2.4,2006-06-01 07:00:00+00:00
Agriculture,2006,7,55,3.6,2006-07-01 07:00:00+00:00
Agriculture,2006,8,76,5.3,2006-08-01 07:00:00+00:00
Agriculture,2006,9,78,5.9,2006-09-01 07:00:00+00:00
Agriculture,2006,10,77,5.8,2006-10-01 07:00:00+00:00
Agriculture,2006,11,125,9.6,2006-11-01 08:00:00+00:00
Agriculture,2006,12,139,10.4,2006-12-01 08:00:00+00:00
Agriculture,2007,1,128,10.0,2007-01-01 08:00:00+00:00
Agriculture,2007,2,127,9.6,2007-02-01 08:00:00+00:00
Agriculture,2007,3,123,9.7,2007-03-01 08:00:00+00:00
Agriculture,2007,4,67,5.7,2007-04-01 07:00:00+00:00
Agriculture,2007,5,64,5.1,2007-05-01 07:00:00+00:00
Agriculture,2007,6,59,4.5,2007-06-01 07:00:00+00:00
Agriculture,2007,7,40,3.1,2007-07-01 07:00:00+00:00
Agriculture,2007,8,54,4.7,2007-08-01 07:00:00+00:00
Agriculture,2007,9,53,4.3,2007-09-01 07:00:00+00:00
Agriculture,2007,10,47,4.0,2007-10-01 07:00:00+00:00
Agriculture,2007,11,80,6.6,2007-11-01 07:00:00+00:00
Agriculture,2007,12,96,7.5,2007-12-01 08:00:00+00:00
Agriculture,2008,1,113,9.5,2008-01-01 08:00:00+00:00
Agriculture,2008,2,135,10.9,2008-02-01 08:00:00+00:00
Agriculture,2008,3,175,13.2,2008-03-01 08:00:00+00:00
Agriculture,2008,4,108,8.6,2008-04-01 07:00:00+00:00
Agriculture,2008,5,94,7.4,2008-05-01 07:00:00+00:00
Agriculture,2008,6,86,6.1,2008-06-01 07:00:00+00:00
Agriculture,2008,7,125,8.5,2008-07-01 07:00:00+00:00
Agriculture,2008,8,111,7.6,2008-08-01 07:00:00+00:00
Agriculture,2008,9,84,5.8,2008-09-01 07:00:00+00:00
Agriculture,2008,10,97,7.1,2008-10-01 07:00:00+00:00
Agriculture,2008,11,119,9.5,2008-11-01 07:00:00+00:00
Agriculture,2008,12,229,17.0,2008-12-01 08:00:00+00:00
Agriculture,2009,1,245,18.7,2009-01-01 08:00:00+00:00
Agriculture,2009,2,251,18.8,2009-02-01 08:00:00+00:00
Agriculture,2009,3,241,19.0,2009-03-01 08:00:00+00:00
Agriculture,2009,4,176,13.5,2009-04-01 07:00:00+00:00
Agriculture,2009,5,136,10.0,2009-05-01 07:00:00+00:00
Agriculture,2009,6,182,12.3,2009-06-01 07:00:00+00:00
Agriculture,2009,7,180,12.1,2009-07-01 07:00:00+00:00
Agriculture,2009,8,195,13.1,2009-08-01 07:00:00+00:00
Agriculture,2009,9,150,11.1,2009-09-01 07:00:00+00:00
Agriculture,2009,10,166,11.8,2009-10-01 07:00:00+00:00
Agriculture,2009,11,180,12.6,2009-11-01 07:00:00+00:00
Agriculture,2009,12,292,19.7,2009-12-01 08:00:00+00:00
Agriculture,2010,1,318,21.3,2010-01-01 08:00:00+00:00
Agriculture,2010,2,285,18.8,2010-02-01 08:00:00+00:00
Self-employed,2000,1,239,2.3,2000-01-01 08:00:00+00:00
Self-employed,2000,2,262,2.5,2000-02-01 08:00:00+00:00
Self-employed,2000,3,213,2.0,2000-03-01 08:00:00+00:00
Self-employed,2000,4,218,2.0,2000-04-01 08:00:00+00:00
Self-employed,2000,5,206,1.9,2000-05-01 07:00:00+00:00
Self-employed,2000,6,188,1.8,2000-06-01 07:00:00+00:00
Self-employed,2000,7,222,2.1,2000-07-01 07:00:00+00:00
Self-employed,2000,8,186,1.7000000000000002,2000-08-01 07:00:00+00:00
Self-employed,2000,9,213,2.0,2000-09-01 07:00:00+00:00
Self-employed,2000,10,226,2.2,2000-10-01 07:00:00+00:00
Self-employed,2000,11,273,2.7,2000-11-01 08:00:00+00:00
Self-employed,2000,12,178,1.8,2000-12-01 08:00:00+00:00
Self-employed,2001,1,194,1.9,2001-01-01 08:00:00+00:00
Self-employed,2001,2,209,2.0,2001-02-01 08:00:00+00:00
Self-employed,2001,3,181,1.7000000000000002,2001-03-01 08:00:00+00:00
Self-employed,2001,4,216,2.1,2001-04-01 08:00:00+00:00
Self-employed,2001,5,206,2.0,2001-05-01 07:00:00+00:00
Self-employed,2001,6,187,1.7000000000000002,2001-06-01 07:00:00+00:00
Self-employed,2001,7,191,1.8,2001-07-01 07:00:00+00:00
Self-employed,2001,8,243,2.3,2001-08-01 07:00:00+00:00
Self-employed,2001,9,256,2.4,2001-09-01 07:00:00+00:00
Self-employed,2001,10,247,2.3,2001-10-01 07:00:00+00:00
Self-employed,2001,11,234,2.3,2001-11-01 08:00:00+00:00
Self-employed,2001,12,249,2.5,2001-12-01 08:00:00+00:00
Self-employed,2002,1,263,2.7,2002-01-01 08:00:00+00:00
Self-employed,2002,2,250,2.6,2002-02-01 08:00:00+00:00
Self-employed,2002,3,217,2.2,2002-03-01 08:00:00+00:00
Self-employed,2002,4,255,2.5,2002-04-01 08:00:00+00:00
Self-employed,2002,5,264,2.6,2002-05-01 07:00:00+00:00
Self-employed,2002,6,246,2.4,2002-06-01 07:00:00+00:00
Self-employed,2002,7,249,2.4,2002-07-01 07:00:00+00:00
Self-employed,2002,8,271,2.6,2002-08-01 07:00:00+00:00
Self-employed,2002,9,266,2.5,2002-09-01 07:00:00+00:00
Self-employed,2002,10,275,2.6,2002-10-01 07:00:00+00:00
Self-employed,2002,11,297,2.8,2002-11-01 08:00:00+00:00
Self-employed,2002,12,327,3.1,2002-12-01 08:00:00+00:00
Self-employed,2003,1,324,3.0,2003-01-01 08:00:00+00:00
Self-employed,2003,2,304,3.0,2003-02-01 08:00:00+00:00
Self-employed,2003,3,279,2.7,2003-03-01 08:00:00+00:00
Self-employed,2003,4,248,2.4,2003-04-01 08:00:00+00:00
Self-employed,2003,5,271,2.6,2003-05-01 07:00:00+00:00
Self-employed,2003,6,295,2.7,2003-06-01 07:00:00+00:00
Self-employed,2003,7,270,2.5,2003-07-01 07:00:00+00:00
Self-employed,2003,8,302,2.7,2003-08-01 07:00:00+00:00
Self-employed,2003,9,287,2.6,2003-09-01 07:00:00+00:00
Self-employed,2003,10,338,3.1,2003-10-01 07:00:00+00:00
Self-employed,2003,11,308,2.8,2003-11-01 08:00:00+00:00
Self-employed,2003,12,299,2.8,2003-12-01 08:00:00+00:00
Self-employed,2004,1,302,2.8,2004-01-01 08:00:00+00:00
Self-employed,2004,2,260,2.5,2004-02-01 08:00:00+00:00
Self-employed,2004,3,260,2.5,2004-03-01 08:00:00+00:00
Self-employed,2004,4,242,2.3,2004-04-01 08:00:00+00:00
Self-employed,2004,5,287,2.7,2004-05-01 07:00:00+00:00
Self-employed,2004,6,306,2.8,2004-06-01 07:00:00+00:00
Self-employed,2004,7,291,2.6,2004-07-01 07:00:00+00:00
Self-employed,2004,8,324,2.9,2004-08-01 07:00:00+00:00
Self-employed,2004,9,362,3.3,2004-09-01 07:00:00+00:00
Self-employed,2004,10,301,2.7,2004-10-01 07:00:00+00:00
Self-employed,2004,11,353,3.2,2004-11-01 08:00:00+00:00
Self-employed,2004,12,341,3.2,2004-12-01 08:00:00+00:00
Self-employed,2005,1,346,3.2,2005-01-01 08:00:00+00:00
Self-employed,2005,2,363,3.4,2005-02-01 08:00:00+00:00
Self-employed,2005,3,312,2.9,2005-03-01 08:00:00+00:00
Self-employed,2005,4,273,2.4,2005-04-01 08:00:00+00:00
Self-employed,2005,5,299,2.7,2005-05-01 07:00:00+00:00
Self-employed,2005,6,268,2.4,2005-06-01 07:00:00+00:00
Self-employed,2005,7,282,2.5,2005-07-01 07:00:00+00:00
Self-employed,2005,8,249,2.3,2005-08-01 07:00:00+00:00
Self-employed,2005,9,282,2.6,2005-09-01 07:00:00+00:00
Self-employed,2005,10,255,2.3,2005-10-01 07:00:00+00:00
Self-employed,2005,11,319,3.0,2005-11-01 08:00:00+00:00
Self-employed,2005,12,327,3.1,2005-12-01 08:00:00+00:00
Self-employed,2006,1,341,3.2,2006-01-01 08:00:00+00:00
Self-employed,2006,2,332,3.1,2006-02-01 08:00:00+00:00
Self-employed,2006,3,300,2.8,2006-03-01 08:00:00+00:00
Self-employed,2006,4,334,3.1,2006-04-01 08:00:00+00:00
Self-employed,2006,5,251,2.3,2006-05-01 07:00:00+00:00
Self-employed,2006,6,245,2.2,2006-06-01 07:00:00+00:00
Self-employed,2006,7,291,2.6,2006-07-01 07:00:00+00:00
Self-employed,2006,8,306,2.7,2006-08-01 07:00:00+00:00
Self-employed,2006,9,299,2.7,2006-09-01 07:00:00+00:00
Self-employed,2006,10,275,2.5,2006-10-01 07:00:00+00:00
Self-employed,2006,11,257,2.3,2006-11-01 08:00:00+00:00
Self-employed,2006,12,287,2.6,2006-12-01 08:00:00+00:00
Self-employed,2007,1,376,3.5,2007-01-01 08:00:00+00:00
Self-employed,2007,2,300,2.8,2007-02-01 08:00:00+00:00
Self-employed,2007,3,311,2.8,2007-03-01 08:00:00+00:00
Self-employed,2007,4,240,2.2,2007-04-01 07:00:00+00:00
Self-employed,2007,5,276,2.5,2007-05-01 07:00:00+00:00
Self-employed,2007,6,258,2.3,2007-06-01 07:00:00+00:00
Self-employed,2007,7,324,2.9,2007-07-01 07:00:00+00:00
Self-employed,2007,8,315,2.9,2007-08-01 07:00:00+00:00
Self-employed,2007,9,304,2.8,2007-09-01 07:00:00+00:00
Self-employed,2007,10,338,3.1,2007-10-01 07:00:00+00:00
Self-employed,2007,11,336,3.2,2007-11-01 07:00:00+00:00
Self-employed,2007,12,326,3.2,2007-12-01 08:00:00+00:00
Self-employed,2008,1,338,3.3,2008-01-01 08:00:00+00:00
Self-employed,2008,2,340,3.2,2008-02-01 08:00:00+00:00
Self-employed,2008,3,346,3.3,2008-03-01 08:00:00+00:00
Self-employed,2008,4,338,3.2,2008-04-01 07:00:00+00:00
Self-employed,2008,5,366,3.4,2008-05-01 07:00:00+00:00
Self-employed,2008,6,364,3.3,2008-06-01 07:00:00+00:00
Self-employed,2008,7,345,3.1,2008-07-01 07:00:00+00:00
Self-employed,2008,8,378,3.5,2008-08-01 07:00:00+00:00
Self-employed,2008,9,414,3.9,2008-09-01 07:00:00+00:00
Self-employed,2008,10,396,3.9,2008-10-01 07:00:00+00:00
Self-employed,2008,11,411,4.1,2008-11-01 07:00:00+00:00
Self-employed,2008,12,559,5.5,2008-12-01 08:00:00+00:00
Self-employed,2009,1,659,6.5,2009-01-01 08:00:00+00:00
Self-employed,2009,2,586,5.7,2009-02-01 08:00:00+00:00
Self-employed,2009,3,625,5.9,2009-03-01 08:00:00+00:00
Self-employed,2009,4,488,4.6,2009-04-01 07:00:00+00:00
Self-employed,2009,5,530,5.0,2009-05-01 07:00:00+00:00
Self-employed,2009,6,472,4.4,2009-06-01 07:00:00+00:00
Self-employed,2009,7,552,5.2,2009-07-01 07:00:00+00:00
Self-employed,2009,8,569,5.3,2009-08-01 07:00:00+00:00
Self-employed,2009,9,636,5.9,2009-09-01 07:00:00+00:00
Self-employed,2009,10,610,5.9,2009-10-01 07:00:00+00:00
Self-employed,2009,11,592,5.7,2009-11-01 07:00:00+00:00
Self-employed,2009,12,609,5.9,2009-12-01 08:00:00+00:00
Self-employed,2010,1,730,7.2,2010-01-01 08:00:00+00:00
Self-employed,2010,2,680,6.5,2010-02-01 08:00:00+00:00
